--
-- Dumping data for table `album`
--

LOCK TABLES `album` WRITE;
/*!40000 ALTER TABLE `album` DISABLE KEYS */;
INSERT INTO `album` VALUES ('0157ca8c-2a06-4e03-a1f3-26670fd89705',1656549810442,NULL,'es-US','Linux','Android','Chrome','89.0.4389.116',1),('07b3bf9e-62eb-4028-9272-b1da926e3901',1671823305076,NULL,'es-US','Linux','Android','Chrome','108.0.0.0',1),('092f566f-8a13-4489-9da3-8ecf24bca9cf',1675192738456,NULL,'es-US','Windows 10.0','Microsoft Windows','Chrome','109.0.0.0',0),('09c47e44-b8d0-42d3-8994-e2cb454eb9c9',1669480873383,1669481135968,'es-419','OS X','iPhone','Safari','16.1',1),('0b3687f8-9157-44c9-b91a-17bbd1854517',1667509489813,NULL,'es-419','OS X','iPhone','Safari','15.2',1),('0f166fb1-23d5-4c3e-82ce-b2e8097f4136',1676795455859,NULL,'en-US','Windows 10.0','Microsoft Windows','Chrome','85.0.4183.102',0),('1156686a-6ff5-46cd-ae3a-1509948d8632',1669480923426,NULL,'es','Linux','Android','Chrome','107.0.0.0',1),('14b55d4b-01e7-4ad7-a444-d651459c2561',1665847294743,NULL,'es-ES','Windows 10.0','Microsoft Windows','Chrome','106.0.0.0',0),('15598de3-8fe9-4869-b6da-17c099c5dcf8',1657635785700,NULL,'es-ES','Linux','Android','Chrome','87.0.4280.141',1),('1cbcdeb9-d219-4e45-9a57-29d439a240d3',1669480869377,NULL,'es-419','Linux','Android','Chrome','107.0.0.0',1),('2101d7b6-0247-4d6a-b67f-ecc3f0ead815',1665606830430,NULL,'es-ES','Linux','Android','Chrome','100.0.4896.127',1),('2149c3b4-402c-4157-bfe2-d8ac51f5d6f2',1669480906467,NULL,'es-US','Linux','Android','Chrome','102.0.5005.125',1),('2374cd83-42e9-4c52-94db-7d8174c3cdcf',1669480896445,1669481106522,'es-ES','Linux','Android','Chrome','107.0.0.0',1),('247b3747-d0c0-463f-90ef-a19f83396da7',1669480879795,NULL,'en-US','OS X','iPhone','Safari','15.6.3',1),('25a7fd10-c52a-4cb1-8ce1-daa1b29ec7b1',1668277371432,NULL,'en-US','Windows 10.0','Microsoft Windows','Chrome','104.0.0.0',0),('263d5b7c-cabd-4a52-8420-9d998cf8ee18',1669480906584,NULL,'es-419','OS X','iPhone','Safari','16.0',1),('2bb7be30-f921-4053-9eca-d23a0cc6e225',1676047558071,NULL,'fr-FR','OS X','iPhone','Safari','16.2',1),('2cc64e18-5ed3-4e0b-94e0-7a8525820fdf',1657635758867,NULL,'es-US','Linux','Android','Chrome','105.0.0.0',1),('2cd89f01-f2fa-41fa-9fdf-ae44a54c76d4',1676047814339,NULL,'en-US','Windows 10.0','Microsoft Windows','Chrome','98.0.4758.102',0),('3230cafe-0bd0-4a57-a543-f9fbc97f9f52',1668546858564,NULL,'es-ES','Windows 10.0','Microsoft Windows','Chrome','107.0.0.0',0),('39e56dac-0eca-4349-ae86-aa912015b444',1659575780938,NULL,'en','Windows 10.0','Microsoft Windows','Chrome','106.0.0.0',0),('419bd727-abb8-47a8-9d80-61d1cf30da57',1676047045452,NULL,'en-US','Windows 10.0','Microsoft Windows','Chrome','72.0.3626.121',0),('419de4d2-c441-4ea4-a8d3-43e3fe5b28ed',1676047132983,NULL,'en-US','Windows 10.0','Microsoft Windows','Chrome','72.0.3626.121',0),('4293ad02-2a83-4e41-9571-50ed73ecdf8f',1657635385114,NULL,'es','Windows 10.0','Microsoft Windows','Edge','103.0.1264.37',0),('4ba81fc3-bf38-43be-b8bc-271d3ce51837',1669480909408,1669481076805,'en-US','Linux','Android','Chrome','107.0.0.0',1),('4d440158-145f-4579-9090-7f6db30ba502',1669480899927,NULL,'es-419','OS X','iPhone','Safari','15.6.1',1),('4ddd942c-3bbb-40d2-9724-dbe0cd4a3229',1668270323987,NULL,'en-US','Windows 10.0','Microsoft Windows','Chrome','101.0.4951.67',0),('50dc088e-a781-4f67-bd71-e6c44ce5918e',1665592902132,NULL,'en-CA','OS X','iPhone','Safari','16.0',1),('53ee882d-45c0-4b3a-bfc8-3d559153c8bb',1665847445210,NULL,'es-ES','Windows 10.0','Microsoft Windows','Chrome','106.0.0.0',0),('5ff71d22-961a-4be3-b3b2-8d8871a94eae',1657635771589,NULL,'es-419','OS X','iPhone','Safari','15.5',1),('65243567-40d9-4abc-96af-e33bf787e89a',1657035634685,NULL,'es-ES','Windows 10.0','Microsoft Windows','Chrome','107.0.0.0',0),('65d95e5b-4cc2-4d76-b103-9aacdfcf732b',1668517135252,NULL,'es-419','Windows 10.0','Microsoft Windows','Edge','106.0.1370.52',0),('66184a28-fd1a-4076-bb56-3c3823495bdf',1657635758151,NULL,'es-419','Linux','Android','Chrome','103.0.0.0',1),('6870c57f-a7a6-45e1-940a-aefc2fb501e7',1680815122578,NULL,'es-419','Windows 10.0','Microsoft Windows','Chrome','112.0.0.0',0),('6e9b7216-5e63-4aa2-8764-19ab18d346ab',1665535690431,NULL,'es-ES','Windows 10.0','Microsoft Windows','Chrome','105.0.0.0',0),('7299b892-c0cb-4282-b7f8-2abd53ffaa14',1669481088306,1669481352611,'es-US','Linux','Android','Chrome','107.0.0.0',1),('742fcaa3-2049-474f-83e4-84316b94226d',1669480902219,NULL,'es-ES','Linux','Android','Chrome','107.0.0.0',1),('7522b8b0-6b3e-4c3b-bd91-c145cb6d8c58',1671822630054,NULL,'es-ES','Windows 10.0','Microsoft Windows','Chrome','111.0.0.0',0),('7bfa4357-0c0d-441e-9ac5-0568980988e6',1669480871153,1669481058949,'en-US','Linux','Android','Chrome','107.0.5304.105',1),('814c8c00-0e73-46f8-b2ca-aba434c35c4e',1657635768046,NULL,'es-419','OS X','iPhone','Safari','15.5',1),('84b2b7db-4c3c-4c25-ad90-52cdf0d82240',1656021419401,NULL,'es-ES','Windows 10.0','Microsoft Windows','Chrome','102.0.0.0',0),('885247a3-82f4-44d5-8c98-bb4ae9af526f',1669480894474,NULL,'es-ES','Linux','Android','Chrome','107.0.0.0',1),('8bafd8e6-5cd6-4778-8541-acad3a30342b',1673715688117,NULL,'es-ES','Windows 10.0','Microsoft Windows','Chrome','108.0.0.0',0),('8cb9a91c-be6a-4c42-acf2-3f12c9456f30',1669482119564,NULL,'en-US','Linux','Android','Chrome','107.0.5304.105',1),('8f0eef5c-1082-43c3-b983-033ff5e6b995',1669480885070,NULL,'en','Linux','Android','Chrome','107.0.0.0',1),('92f2fa36-e19c-4c4b-8a77-027da2a61e2e',1671671291185,NULL,'es-ES','Windows 10.0','Microsoft Windows','Chrome','105.0.0.0',0),('99cfd6d3-4355-420c-8cfe-0bdcf1bf8719',1669480881849,NULL,'es-419','OS X','iPhone','Safari','16.1',1),('9c2c5734-c255-4309-b26b-f61ade14f03a',1669480893662,NULL,'es-AR','Linux','Android','Chrome','91.0.4472.134',1),('9e2bc2d9-fb89-4e30-aa03-608089c66b6b',1671823540473,NULL,'es-ES','Windows 10.0','Microsoft Windows','Chrome','108.0.0.0',0),('a23b1e17-e0ea-4ad5-8984-8a15cc5dc2f0',1656447070535,NULL,'es-US','Linux','Android','Chrome','100.0.4896.79',1),('a34f81cd-ac01-42d7-813c-625f43158b99',1669480876107,1669481046599,'es-US','Linux','Android','Chrome','107.0.0.0',1),('a4caaee7-4e16-463f-96d5-e5a96df4865e',1665611536682,1667245317694,'es-419','Windows 10.0','Microsoft Windows','Edge','106.0.1370.52',0),('a86b8ea3-eb84-4773-9351-254f49f65741',1675949140587,NULL,'en-US','Windows 10.0','Microsoft Windows','Chrome','104.0.0.0',0),('a8c197d0-5dbf-4d1b-a016-1b639fba8926',1669480914793,NULL,'ru-RU','Linux','Android','Chrome','107.0.0.0',1),('b10c37c1-6f1c-4eef-84e1-9c6877a5ef9f',1662560668471,NULL,'es-ES','Windows 10.0','Microsoft Windows','Chrome','106.0.0.0',0),('b113ee04-e45b-4f6e-8977-6602dd7d9b32',1665925983927,NULL,'es-ES','Windows 10.0','Microsoft Windows','Chrome','106.0.0.0',0),('b227baed-50b0-4860-a99f-fdfa958fee0f',1669480881057,NULL,'en-US','unknown','Android','Firefox','107.0',1),('b366628a-8b32-437a-96ed-637d9acd000b',1676797252440,NULL,'en-US','Windows 10.0','Microsoft Windows','Chrome','85.0.4183.102',0),('b526abac-7248-4728-b304-6ba51bfe07da',1667509633961,NULL,'es-ES','Windows 10.0','Microsoft Windows','Chrome','107.0.0.0',0),('b806f98c-c12a-49e6-bebf-87a9bced14a8',1669489492883,NULL,'es','Linux','Android','Chrome','107.0.0.0',1),('baac95dd-0ce4-4134-a9cc-3b1dc65ec746',1671823296553,NULL,'es-US','Linux','Android','Chrome','108.0.0.0',1),('bbfa6bb6-edcf-4b19-9524-be373a1ea01a',1676047038072,NULL,'en-US','Windows 10.0','Microsoft Windows','Chrome','72.0.3626.121',0),('bdb17a80-fec3-4b01-b2e3-56c6722995a0',1675192716495,NULL,'en-US','Windows 10.0','Microsoft Windows','Chrome','102.0.5005.63',0),('bee6fc32-0e60-42b8-b8ba-bb377e29902a',1668517148033,NULL,'en-US','Windows 10.0','Microsoft Windows','Chrome','102.0.5005.63',0),('c24059e8-9a0a-4f89-9349-4c7a9d64bfd1',1657635762171,NULL,'es-419','OS X','iPhone','Safari','15.2',1),('c3d37e06-2d28-476f-8ace-554bec6b69d8',1675192719808,NULL,'es','Windows 10.0','Microsoft Windows','Edge','109.0.1518.70',0),('c419a465-7d49-45f8-a3ee-e50c2ce38914',1666988271224,1666989376727,'es-US','Linux','Android','Chrome','104.0.0.0',1),('c5d7979d-15dd-4bfa-b4c8-249ee8ba639a',1669480929444,1669481467260,'es-419','OS X','iPhone','Chrome','107.0.5304.101',1),('c894fec7-bb65-4e7c-91f8-512e430bd12a',1669480944619,NULL,'es-419','OS X','iPhone','Safari','15.4',1),('c9951ad2-db4f-4002-812a-a2304a0c9fa1',1676047235429,NULL,'en-US','Windows 10.0','Microsoft Windows','Chrome','102.0.5005.63',0),('cd1de1e9-85d0-4833-8270-f8e959027c4a',1671825925050,NULL,'es-ES','Windows 10.0','Microsoft Windows','Chrome','110.0.0.0',0),('d7061eb0-f500-4968-b2e2-99d0a2d1df6d',1669480912746,NULL,'en-US','Linux','Android','Chrome','107.0.0.0',1),('d7a1b60c-b76b-4af0-ba04-dc7616431bd5',1665872907261,NULL,'es-ES','Windows 10.0','Microsoft Windows','Chrome','106.0.0.0',0),('daef3055-657d-4453-a867-de23d6556419',1669480914975,NULL,'es-US','Linux','Android','Chrome','107.0.0.0',1),('e3817379-e5a1-4e98-afea-7e0c4d32be15',1669480872883,1669481228487,'es-419','OS X','iPhone','Safari','16.0',1),('e595e695-c5ab-402c-8a68-5690616102f3',1669480873150,1669481323584,'es-419','OS X','iPhone','Safari','16.0',1),('e7c9762c-8abf-41f4-9018-8c94b7dca472',1665873002083,NULL,'es-ES','Windows 10.0','Microsoft Windows','Chrome','106.0.0.0',0),('ef88e7ff-3a71-44de-900a-2b77c7b60caa',1669480876678,NULL,'en-US','OS X','iPhone','Safari','16.1',1),('f13b6933-a59c-4790-89f9-313f36960724',1656360942032,1656364968251,'es-419','Windows 10.0','Microsoft Windows','Chrome','103.0.0.0',0),('fac4758c-b671-4a2f-bd41-cd8f2cedacde',1665875123189,NULL,'es-ES','Windows 10.0','Microsoft Windows','Chrome','106.0.0.0',0),('fb950b40-5e91-468e-889b-553b08b4220f',1673715683971,NULL,'es-ES','Windows 10.0','Microsoft Windows','Firefox','108.0',0);
/*!40000 ALTER TABLE `album` ENABLE KEYS */;
UNLOCK TABLES;

--
-- Dumping data for table `user_answer`
--

LOCK TABLES `user_answer` WRITE;
/*!40000 ALTER TABLE `user_answer` DISABLE KEYS */;
INSERT INTO `user_answer` VALUES (24,'84b2b7db-4c3c-4c25-ad90-52cdf0d82240',7,1,2093,1,1656364789610),(25,'84b2b7db-4c3c-4c25-ad90-52cdf0d82240',4,1,3293,1,1656364870337),(26,'84b2b7db-4c3c-4c25-ad90-52cdf0d82240',5,1,5573,1,1656364884783),(27,'84b2b7db-4c3c-4c25-ad90-52cdf0d82240',1,1,1479,1,1656364904859),(28,'f13b6933-a59c-4790-89f9-313f36960724',9,0,7908,1,1656364907483),(29,'84b2b7db-4c3c-4c25-ad90-52cdf0d82240',2,1,1722,1,1656364907762),(30,'84b2b7db-4c3c-4c25-ad90-52cdf0d82240',5,1,4307,1,1656364913047),(31,'f13b6933-a59c-4790-89f9-313f36960724',4,1,5652,1,1656364924588),(32,'84b2b7db-4c3c-4c25-ad90-52cdf0d82240',3,0,3449,1,1656364924099),(33,'84b2b7db-4c3c-4c25-ad90-52cdf0d82240',4,1,3142,1,1656364928393),(34,'f13b6933-a59c-4790-89f9-313f36960724',14,1,5819,1,1656364932035),(35,'84b2b7db-4c3c-4c25-ad90-52cdf0d82240',6,0,1854,1,1656364931377),(36,'f13b6933-a59c-4790-89f9-313f36960724',7,1,2452,1,1656364935979),(37,'f13b6933-a59c-4790-89f9-313f36960724',20,1,2698,1,1656364939851),(38,'f13b6933-a59c-4790-89f9-313f36960724',8,1,4653,1,1656364946011),(39,'84b2b7db-4c3c-4c25-ad90-52cdf0d82240',20,NULL,16369,1,1656364950366),(40,'f13b6933-a59c-4790-89f9-313f36960724',16,1,6717,1,1656364953979),(41,'84b2b7db-4c3c-4c25-ad90-52cdf0d82240',1,1,1311,1,1656365502560),(42,'84b2b7db-4c3c-4c25-ad90-52cdf0d82240',2,NULL,20785,1,1656365524365),(43,'84b2b7db-4c3c-4c25-ad90-52cdf0d82240',1,1,1608,1,1656366814496),(44,'84b2b7db-4c3c-4c25-ad90-52cdf0d82240',3,0,1437,1,1656366850437),(45,'84b2b7db-4c3c-4c25-ad90-52cdf0d82240',15,0,1378,1,1656366853294),(46,'84b2b7db-4c3c-4c25-ad90-52cdf0d82240',4,1,2917,1,1656366857873),(47,'a23b1e17-e0ea-4ad5-8984-8a15cc5dc2f0',1,NULL,9161,1,1656683787679),(48,'a23b1e17-e0ea-4ad5-8984-8a15cc5dc2f0',4,NULL,18563,1,1656683824237),(49,'a23b1e17-e0ea-4ad5-8984-8a15cc5dc2f0',9,0,4077,1,1656683843443),(50,'a23b1e17-e0ea-4ad5-8984-8a15cc5dc2f0',2,1,8124,1,1656683854912),(51,'4293ad02-2a83-4e41-9571-50ed73ecdf8f',3,1,15669,1,1657635427963),(52,'4293ad02-2a83-4e41-9571-50ed73ecdf8f',1,1,11892,1,1657635465809),(53,'66184a28-fd1a-4076-bb56-3c3823495bdf',1,1,3682,1,1657635767236),(54,'2cc64e18-5ed3-4e0b-94e0-7a8525820fdf',1,0,3165,1,1657635770993),(55,'66184a28-fd1a-4076-bb56-3c3823495bdf',2,1,8366,1,1657635776910),(56,'66184a28-fd1a-4076-bb56-3c3823495bdf',7,0,10179,1,1657635788252),(57,'66184a28-fd1a-4076-bb56-3c3823495bdf',8,0,1681,1,1657635793552),(58,'15598de3-8fe9-4869-b6da-17c099c5dcf8',1,1,4107,1,1657635843416),(59,'15598de3-8fe9-4869-b6da-17c099c5dcf8',3,1,5584,1,1657635851839),(60,'5ff71d22-961a-4be3-b3b2-8d8871a94eae',2,0,13122,1,1657635859131),(61,'15598de3-8fe9-4869-b6da-17c099c5dcf8',4,0,16119,1,1657635870759),(62,'2cc64e18-5ed3-4e0b-94e0-7a8525820fdf',3,0,6844,1,1663772172323),(63,'2cc64e18-5ed3-4e0b-94e0-7a8525820fdf',1,1,4158,1,1663772164056),(64,'2cc64e18-5ed3-4e0b-94e0-7a8525820fdf',9,0,5770,1,1663772157695),(65,'2cc64e18-5ed3-4e0b-94e0-7a8525820fdf',2,0,7569,1,1663772149729),(66,'2cc64e18-5ed3-4e0b-94e0-7a8525820fdf',18,0,13619,1,1663772187072),(67,'2cc64e18-5ed3-4e0b-94e0-7a8525820fdf',4,1,7880,1,1663772196108),(68,'2cc64e18-5ed3-4e0b-94e0-7a8525820fdf',5,1,16964,1,1663772238714),(69,'2cc64e18-5ed3-4e0b-94e0-7a8525820fdf',14,0,11037,1,1663772250856),(70,'2cc64e18-5ed3-4e0b-94e0-7a8525820fdf',13,0,1352,1,1663772253261),(71,'2cc64e18-5ed3-4e0b-94e0-7a8525820fdf',6,0,544,1,1663772254730),(72,'2cc64e18-5ed3-4e0b-94e0-7a8525820fdf',7,0,553,1,1663772256077),(73,'2cc64e18-5ed3-4e0b-94e0-7a8525820fdf',11,0,2376,1,1663772258767),(74,'2cc64e18-5ed3-4e0b-94e0-7a8525820fdf',8,1,793,1,1663772260387),(75,'2cc64e18-5ed3-4e0b-94e0-7a8525820fdf',16,0,513,1,1663772261950),(76,'2cc64e18-5ed3-4e0b-94e0-7a8525820fdf',17,0,753,1,1663772263154),(77,'2cc64e18-5ed3-4e0b-94e0-7a8525820fdf',20,0,673,1,1663772264164),(78,'2cc64e18-5ed3-4e0b-94e0-7a8525820fdf',10,0,700,1,1663772265270),(79,'2cc64e18-5ed3-4e0b-94e0-7a8525820fdf',12,0,587,1,1663772266386),(80,'2cc64e18-5ed3-4e0b-94e0-7a8525820fdf',15,0,591,1,1663772267484),(81,'2cc64e18-5ed3-4e0b-94e0-7a8525820fdf',22,1,2942,1,1663772270684),(82,'2cc64e18-5ed3-4e0b-94e0-7a8525820fdf',19,0,722,1,1663772272119),(83,'2cc64e18-5ed3-4e0b-94e0-7a8525820fdf',21,0,2111,1,1663772275070),(84,'65243567-40d9-4abc-96af-e33bf787e89a',1,0,4144,1,1664933357307),(85,'65243567-40d9-4abc-96af-e33bf787e89a',2,0,6417,1,1664933367099),(86,'65243567-40d9-4abc-96af-e33bf787e89a',3,0,4259,1,1664933377620),(87,'65243567-40d9-4abc-96af-e33bf787e89a',5,1,7150,1,1664933386684),(88,'65243567-40d9-4abc-96af-e33bf787e89a',10,1,2804,1,1664933390819),(89,'65243567-40d9-4abc-96af-e33bf787e89a',8,1,2714,1,1664933394675),(90,'65243567-40d9-4abc-96af-e33bf787e89a',4,1,7757,1,1664933403691),(91,'65243567-40d9-4abc-96af-e33bf787e89a',7,1,3906,1,1664933408875),(92,'65243567-40d9-4abc-96af-e33bf787e89a',16,1,7971,1,1664933417971),(93,'65243567-40d9-4abc-96af-e33bf787e89a',11,1,7450,1,1664933426588),(94,'65243567-40d9-4abc-96af-e33bf787e89a',15,1,7521,1,1664933435563),(95,'3e2402e6-3649-471e-83a4-f60a21817e7c',19,1,4950,1,1665604111050),(96,'3e2402e6-3649-471e-83a4-f60a21817e7c',22,1,18506,1,1665604147441),(97,'3e2402e6-3649-471e-83a4-f60a21817e7c',2,1,5828,1,1665604157392),(98,'3e2402e6-3649-471e-83a4-f60a21817e7c',6,1,8339,1,1665604168823),(99,'3e2402e6-3649-471e-83a4-f60a21817e7c',9,1,13726,1,1665604186946),(100,'3e2402e6-3649-471e-83a4-f60a21817e7c',21,0,12110,1,1665604201211),(101,'65243567-40d9-4abc-96af-e33bf787e89a',2,1,9268,1,1665847348812),(102,'65243567-40d9-4abc-96af-e33bf787e89a',15,1,10087,1,1665847361675),(103,'65243567-40d9-4abc-96af-e33bf787e89a',4,NULL,12169,1,1665847375389),(104,'65243567-40d9-4abc-96af-e33bf787e89a',1,1,7066,1,1665847412635),(105,'65243567-40d9-4abc-96af-e33bf787e89a',3,0,6287,1,1665847425874),(106,'65243567-40d9-4abc-96af-e33bf787e89a',5,NULL,10215,1,1665847437651),(107,'65243567-40d9-4abc-96af-e33bf787e89a',8,NULL,15240,1,1665847455151),(108,'65243567-40d9-4abc-96af-e33bf787e89a',12,1,4394,1,1665847477794),(109,'65243567-40d9-4abc-96af-e33bf787e89a',6,1,7330,1,1665847486627),(110,'65243567-40d9-4abc-96af-e33bf787e89a',17,1,7315,1,1665847495954),(111,'65243567-40d9-4abc-96af-e33bf787e89a',11,1,14180,1,1665847511523),(112,'65243567-40d9-4abc-96af-e33bf787e89a',19,1,8116,1,1665847521210),(113,'65243567-40d9-4abc-96af-e33bf787e89a',7,1,6633,1,1665847530426),(114,'65243567-40d9-4abc-96af-e33bf787e89a',9,1,5675,1,1665847539627),(115,'65243567-40d9-4abc-96af-e33bf787e89a',14,1,8244,1,1665847553611),(116,'65243567-40d9-4abc-96af-e33bf787e89a',18,0,5491,1,1665847561596),(117,'65243567-40d9-4abc-96af-e33bf787e89a',10,1,2755,1,1665847566091),(118,'fac4758c-b671-4a2f-bd41-cd8f2cedacde',8,0,1368,1,1665875129265),(119,'39e56dac-0eca-4349-ae86-aa912015b444',1,NULL,12130,1,1666640253482),(120,'39e56dac-0eca-4349-ae86-aa912015b444',2,0,1961,1,1666640582347),(121,'a23b1e17-e0ea-4ad5-8984-8a15cc5dc2f0',13,1,8916,1,1666801895091),(122,'a23b1e17-e0ea-4ad5-8984-8a15cc5dc2f0',2,0,4134,1,1666817101934),(123,'a23b1e17-e0ea-4ad5-8984-8a15cc5dc2f0',5,NULL,10307,1,1666817114175),(124,'a23b1e17-e0ea-4ad5-8984-8a15cc5dc2f0',1,1,11960,1,1666817129386),(125,'a23b1e17-e0ea-4ad5-8984-8a15cc5dc2f0',14,1,5631,1,1666819617467),(126,'a23b1e17-e0ea-4ad5-8984-8a15cc5dc2f0',6,1,3860,1,1666819623034),(127,'a23b1e17-e0ea-4ad5-8984-8a15cc5dc2f0',20,1,7618,1,1666826944384),(128,'a23b1e17-e0ea-4ad5-8984-8a15cc5dc2f0',1,1,4832,1,1666828026418),(129,'a23b1e17-e0ea-4ad5-8984-8a15cc5dc2f0',3,1,8234,1,1666828038742),(130,'c419a465-7d49-45f8-a3ee-e50c2ce38914',2,1,5502,1,1666988288414),(131,'65243567-40d9-4abc-96af-e33bf787e89a',1,1,6600,1,1666988303501),(132,'c419a465-7d49-45f8-a3ee-e50c2ce38914',1,1,9602,1,1666988301680),(133,'c419a465-7d49-45f8-a3ee-e50c2ce38914',3,1,5928,1,1666988309417),(134,'c419a465-7d49-45f8-a3ee-e50c2ce38914',5,NULL,10292,1,1666988324435),(135,'c419a465-7d49-45f8-a3ee-e50c2ce38914',4,NULL,12400,1,1666989203297),(136,'c419a465-7d49-45f8-a3ee-e50c2ce38914',6,1,2991,1,1666989212189),(137,'c419a465-7d49-45f8-a3ee-e50c2ce38914',8,0,6001,1,1666989224073),(138,'c419a465-7d49-45f8-a3ee-e50c2ce38914',21,NULL,16373,1,1666989248149),(139,'c419a465-7d49-45f8-a3ee-e50c2ce38914',11,1,8270,1,1666989264536),(140,'c419a465-7d49-45f8-a3ee-e50c2ce38914',7,1,4188,1,1666989271128),(141,'c419a465-7d49-45f8-a3ee-e50c2ce38914',10,1,5220,1,1666989278035),(142,'c419a465-7d49-45f8-a3ee-e50c2ce38914',13,1,7372,1,1666989287354),(143,'c419a465-7d49-45f8-a3ee-e50c2ce38914',17,1,4019,1,1666989293001),(144,'c419a465-7d49-45f8-a3ee-e50c2ce38914',9,1,4102,1,1666989298377),(145,'c419a465-7d49-45f8-a3ee-e50c2ce38914',15,1,5388,1,1666989304941),(146,'c419a465-7d49-45f8-a3ee-e50c2ce38914',12,1,8973,1,1666989315028),(147,'c419a465-7d49-45f8-a3ee-e50c2ce38914',20,0,7789,1,1666989324196),(148,'c419a465-7d49-45f8-a3ee-e50c2ce38914',14,1,6207,1,1666989333485),(149,'a4caaee7-4e16-463f-96d5-e5a96df4865e',1,1,5600,1,1667245102002),(150,'a4caaee7-4e16-463f-96d5-e5a96df4865e',2,1,6750,1,1667245111303),(151,'a4caaee7-4e16-463f-96d5-e5a96df4865e',12,1,6634,1,1667245120070),(152,'a4caaee7-4e16-463f-96d5-e5a96df4865e',4,NULL,12141,1,1667245134056),(153,'a4caaee7-4e16-463f-96d5-e5a96df4865e',3,1,7411,1,1667245143912),(154,'a4caaee7-4e16-463f-96d5-e5a96df4865e',5,1,7887,1,1667245156824),(155,'a4caaee7-4e16-463f-96d5-e5a96df4865e',7,1,9699,1,1667245168391),(156,'a4caaee7-4e16-463f-96d5-e5a96df4865e',6,1,8133,1,1667245179032),(157,'a4caaee7-4e16-463f-96d5-e5a96df4865e',16,1,7461,1,1667245188949),(158,'a4caaee7-4e16-463f-96d5-e5a96df4865e',9,0,7513,1,1667245226644),(159,'a4caaee7-4e16-463f-96d5-e5a96df4865e',22,0,11878,1,1667245241350),(160,'a4caaee7-4e16-463f-96d5-e5a96df4865e',18,1,7034,1,1667245250827),(161,'a4caaee7-4e16-463f-96d5-e5a96df4865e',8,0,3859,1,1667245256360),(162,'a4caaee7-4e16-463f-96d5-e5a96df4865e',10,1,3323,1,1667245262451),(163,'a4caaee7-4e16-463f-96d5-e5a96df4865e',13,1,8214,1,1667245272116),(164,'a4caaee7-4e16-463f-96d5-e5a96df4865e',11,1,11388,1,1667245285801),(165,'a4caaee7-4e16-463f-96d5-e5a96df4865e',14,0,10144,1,1667245297490),(166,'a4caaee7-4e16-463f-96d5-e5a96df4865e',19,1,4200,1,1667245304211),(167,'a23b1e17-e0ea-4ad5-8984-8a15cc5dc2f0',4,NULL,12426,1,1668084805289),(168,'a23b1e17-e0ea-4ad5-8984-8a15cc5dc2f0',17,NULL,13362,1,1668721329561),(169,'a23b1e17-e0ea-4ad5-8984-8a15cc5dc2f0',1,1,9603,1,1668721391390),(170,'1cbcdeb9-d219-4e45-9a57-29d439a240d3',12,1,8182,1,1669480882831),(171,'e595e695-c5ab-402c-8a68-5690616102f3',3,1,2759,1,1669480883537),(172,'09c47e44-b8d0-42d3-8994-e2cb454eb9c9',3,NULL,12306,1,1669480888803),(173,'ef88e7ff-3a71-44de-900a-2b77c7b60caa',5,1,5329,1,1669480893404),(174,'99cfd6d3-4355-420c-8cfe-0bdcf1bf8719',15,1,11989,1,1669480897389),(175,'1cbcdeb9-d219-4e45-9a57-29d439a240d3',1,1,11062,1,1669480900021),(176,'09c47e44-b8d0-42d3-8994-e2cb454eb9c9',7,1,6241,1,1669480903729),(177,'b227baed-50b0-4860-a99f-fdfa958fee0f',1,0,5595,1,1669480908272),(178,'7bfa4357-0c0d-441e-9ac5-0568980988e6',1,1,8471,1,1669480908844),(179,'99cfd6d3-4355-420c-8cfe-0bdcf1bf8719',1,0,8068,1,1669480908695),(180,'2374cd83-42e9-4c52-94db-7d8174c3cdcf',8,0,6201,1,1669480910914),(181,'8f0eef5c-1082-43c3-b983-033ff5e6b995',4,1,10261,1,1669480911107),(182,'ef88e7ff-3a71-44de-900a-2b77c7b60caa',7,1,7223,1,1669480911987),(183,'09c47e44-b8d0-42d3-8994-e2cb454eb9c9',11,1,8661,1,1669480914972),(184,'247b3747-d0c0-463f-90ef-a19f83396da7',2,NULL,10252,1,1669480914945),(185,'1cbcdeb9-d219-4e45-9a57-29d439a240d3',14,NULL,15265,1,1669480916699),(186,'e3817379-e5a1-4e98-afea-7e0c4d32be15',2,0,9424,1,1669480919336),(187,'2374cd83-42e9-4c52-94db-7d8174c3cdcf',1,1,6346,1,1669480921366),(188,'8f0eef5c-1082-43c3-b983-033ff5e6b995',5,1,6186,1,1669480921635),(189,'b227baed-50b0-4860-a99f-fdfa958fee0f',2,1,5537,1,1669480922219),(190,'263d5b7c-cabd-4a52-8420-9d998cf8ee18',20,1,7493,1,1669480922512),(191,'a34f81cd-ac01-42d7-813c-625f43158b99',4,0,7388,1,1669480921489),(192,'99cfd6d3-4355-420c-8cfe-0bdcf1bf8719',5,NULL,10127,1,1669480922848),(193,'9c2c5734-c255-4309-b26b-f61ade14f03a',1,1,10312,1,1669480923452),(194,'e595e695-c5ab-402c-8a68-5690616102f3',22,NULL,16152,1,1669480923634),(195,'ef88e7ff-3a71-44de-900a-2b77c7b60caa',17,1,7583,1,1669480924399),(196,'7bfa4357-0c0d-441e-9ac5-0568980988e6',3,1,11868,1,1669480925025),(197,'4ba81fc3-bf38-43be-b8bc-271d3ce51837',2,1,7529,1,1669480922966),(198,'247b3747-d0c0-463f-90ef-a19f83396da7',3,1,6240,1,1669480926098),(199,'d7061eb0-f500-4968-b2e2-99d0a2d1df6d',1,1,8924,1,1669480926404),(200,'8f0eef5c-1082-43c3-b983-033ff5e6b995',1,0,4299,1,1669480928712),(201,'09c47e44-b8d0-42d3-8994-e2cb454eb9c9',22,0,11656,1,1669480928373),(202,'885247a3-82f4-44d5-8c98-bb4ae9af526f',1,NULL,12361,1,1669480929915),(203,'4ba81fc3-bf38-43be-b8bc-271d3ce51837',9,1,3272,1,1669480928859),(204,'a34f81cd-ac01-42d7-813c-625f43158b99',5,1,3869,1,1669480929758),(205,'2374cd83-42e9-4c52-94db-7d8174c3cdcf',2,1,8808,1,1669480931573),(206,'263d5b7c-cabd-4a52-8420-9d998cf8ee18',2,1,3726,1,1669480931677),(207,'1cbcdeb9-d219-4e45-9a57-29d439a240d3',3,0,10387,1,1669480931486),(208,'742fcaa3-2049-474f-83e4-84316b94226d',5,NULL,10243,1,1669480932917),(209,'e3817379-e5a1-4e98-afea-7e0c4d32be15',1,1,9157,1,1669480933369),(210,'9c2c5734-c255-4309-b26b-f61ade14f03a',2,1,7414,1,1669480933933),(211,'2149c3b4-402c-4157-bfe2-d8ac51f5d6f2',1,1,9473,1,1669480937154),(212,'7bfa4357-0c0d-441e-9ac5-0568980988e6',2,0,9418,1,1669480936176),(213,'4ba81fc3-bf38-43be-b8bc-271d3ce51837',1,1,4402,1,1669480934240),(214,'09c47e44-b8d0-42d3-8994-e2cb454eb9c9',8,0,3583,1,1669480935979),(215,'a34f81cd-ac01-42d7-813c-625f43158b99',1,0,3245,1,1669480935327),(216,'7299b892-c0cb-4282-b7f8-2abd53ffaa14',1,1,9374,1,1669481156603),(217,'8f0eef5c-1082-43c3-b983-033ff5e6b995',3,1,6507,1,1669480937389),(218,'885247a3-82f4-44d5-8c98-bb4ae9af526f',2,1,5025,1,1669480938468),(219,'247b3747-d0c0-463f-90ef-a19f83396da7',20,0,9092,1,1669480937423),(220,'4d440158-145f-4579-9090-7f6db30ba502',1,NULL,12177,1,1669480939000),(221,'ef88e7ff-3a71-44de-900a-2b77c7b60caa',20,0,11751,1,1669480939095),(222,'4ba81fc3-bf38-43be-b8bc-271d3ce51837',5,1,3316,1,1669480938454),(223,'99cfd6d3-4355-420c-8cfe-0bdcf1bf8719',2,1,6487,1,1669480940520),(224,'e595e695-c5ab-402c-8a68-5690616102f3',14,0,13126,1,1669480941170),(225,'d7061eb0-f500-4968-b2e2-99d0a2d1df6d',3,NULL,12237,1,1669480942242),(226,'8f0eef5c-1082-43c3-b983-033ff5e6b995',8,0,2909,1,1669480942509),(227,'2149c3b4-402c-4157-bfe2-d8ac51f5d6f2',2,1,5822,1,1669480945088),(228,'1cbcdeb9-d219-4e45-9a57-29d439a240d3',4,0,9409,1,1669480942304),(229,'2374cd83-42e9-4c52-94db-7d8174c3cdcf',11,1,10514,1,1669480943191),(230,'e3817379-e5a1-4e98-afea-7e0c4d32be15',8,1,8419,1,1669480943629),(231,'a34f81cd-ac01-42d7-813c-625f43158b99',2,1,4591,1,1669480943385),(232,'885247a3-82f4-44d5-8c98-bb4ae9af526f',3,0,5636,1,1669480945847),(233,'daef3055-657d-4453-a867-de23d6556419',1,NULL,12285,1,1669480944306),(234,'7bfa4357-0c0d-441e-9ac5-0568980988e6',4,1,7953,1,1669480945472),(235,'09c47e44-b8d0-42d3-8994-e2cb454eb9c9',2,0,7998,1,1669480945478),(236,'4ba81fc3-bf38-43be-b8bc-271d3ce51837',6,1,3989,1,1669480943846),(237,'2149c3b4-402c-4157-bfe2-d8ac51f5d6f2',7,1,4210,1,1669480950459),(238,'9c2c5734-c255-4309-b26b-f61ade14f03a',3,NULL,12274,1,1669480948902),(239,'1cbcdeb9-d219-4e45-9a57-29d439a240d3',2,0,3932,1,1669480948543),(240,'742fcaa3-2049-474f-83e4-84316b94226d',1,0,9503,1,1669480949058),(241,'263d5b7c-cabd-4a52-8420-9d998cf8ee18',11,1,13195,1,1669480949046),(242,'7bfa4357-0c0d-441e-9ac5-0568980988e6',7,1,4246,1,1669480950787),(243,'885247a3-82f4-44d5-8c98-bb4ae9af526f',7,1,4141,1,1669480951741),(244,'8f0eef5c-1082-43c3-b983-033ff5e6b995',2,0,7037,1,1669480951205),(245,'d7061eb0-f500-4968-b2e2-99d0a2d1df6d',2,1,7480,1,1669480952009),(246,'c5d7979d-15dd-4bfa-b4c8-249ee8ba639a',21,0,12911,1,1669480952448),(247,'09c47e44-b8d0-42d3-8994-e2cb454eb9c9',1,1,5062,1,1669480952257),(248,'2374cd83-42e9-4c52-94db-7d8174c3cdcf',3,0,8581,1,1669480952684),(249,'1156686a-6ff5-46cd-ae3a-1509948d8632',1,0,6213,1,1669480953289),(250,'a34f81cd-ac01-42d7-813c-625f43158b99',3,1,6045,1,1669480952130),(251,'4ba81fc3-bf38-43be-b8bc-271d3ce51837',3,0,6975,1,1669480951771),(252,'ef88e7ff-3a71-44de-900a-2b77c7b60caa',21,0,13175,1,1669480955111),(253,'263d5b7c-cabd-4a52-8420-9d998cf8ee18',7,1,2695,1,1669480955729),(254,'742fcaa3-2049-474f-83e4-84316b94226d',2,1,5492,1,1669480956808),(255,'8f0eef5c-1082-43c3-b983-033ff5e6b995',6,1,4193,1,1669480957012),(256,'2149c3b4-402c-4157-bfe2-d8ac51f5d6f2',8,0,8693,1,1669480959905),(257,'e3817379-e5a1-4e98-afea-7e0c4d32be15',20,0,13349,1,1669480958097),(258,'99cfd6d3-4355-420c-8cfe-0bdcf1bf8719',21,NULL,16182,1,1669480958193),(259,'d7061eb0-f500-4968-b2e2-99d0a2d1df6d',7,1,5478,1,1669480959318),(260,'e595e695-c5ab-402c-8a68-5690616102f3',21,NULL,16177,1,1669480959083),(261,'7bfa4357-0c0d-441e-9ac5-0568980988e6',6,1,8178,1,1669480959744),(262,'c894fec7-bb65-4e7c-91f8-512e430bd12a',1,0,4726,1,1669480959626),(263,'daef3055-657d-4453-a867-de23d6556419',2,1,8690,1,1669480959130),(264,'7299b892-c0cb-4282-b7f8-2abd53ffaa14',2,1,7217,1,1669481180492),(265,'a34f81cd-ac01-42d7-813c-625f43158b99',6,1,4997,1,1669480959004),(266,'1156686a-6ff5-46cd-ae3a-1509948d8632',2,1,2965,1,1669480960699),(267,'b227baed-50b0-4860-a99f-fdfa958fee0f',6,NULL,13461,1,1669480960725),(268,'1cbcdeb9-d219-4e45-9a57-29d439a240d3',5,NULL,10180,1,1669480960781),(269,'09c47e44-b8d0-42d3-8994-e2cb454eb9c9',5,1,7245,1,1669480961112),(270,'4ba81fc3-bf38-43be-b8bc-271d3ce51837',15,1,5960,1,1669480961136),(271,'9c2c5734-c255-4309-b26b-f61ade14f03a',18,1,8237,1,1669480963761),(272,'2149c3b4-402c-4157-bfe2-d8ac51f5d6f2',5,1,5079,1,1669480966637),(273,'4d440158-145f-4579-9090-7f6db30ba502',4,NULL,12874,1,1669480964385),(274,'742fcaa3-2049-474f-83e4-84316b94226d',17,0,6637,1,1669480964477),(275,'a34f81cd-ac01-42d7-813c-625f43158b99',7,1,3028,1,1669480963541),(276,'7bfa4357-0c0d-441e-9ac5-0568980988e6',5,1,4701,1,1669480965306),(277,'263d5b7c-cabd-4a52-8420-9d998cf8ee18',8,0,6462,1,1669480965349),(278,'1cbcdeb9-d219-4e45-9a57-29d439a240d3',9,0,2945,1,1669480965199),(279,'8f0eef5c-1082-43c3-b983-033ff5e6b995',7,0,6892,1,1669480965873),(280,'247b3747-d0c0-463f-90ef-a19f83396da7',4,NULL,12213,1,1669480965945),(281,'d7061eb0-f500-4968-b2e2-99d0a2d1df6d',6,0,6106,1,1669480966752),(282,'2374cd83-42e9-4c52-94db-7d8174c3cdcf',4,NULL,12199,1,1669480967094),(283,'a34f81cd-ac01-42d7-813c-625f43158b99',19,1,2304,1,1669480966816),(284,'4ba81fc3-bf38-43be-b8bc-271d3ce51837',8,0,4370,1,1669480966358),(285,'c5d7979d-15dd-4bfa-b4c8-249ee8ba639a',3,0,11330,1,1669480968314),(286,'09c47e44-b8d0-42d3-8994-e2cb454eb9c9',4,1,6179,1,1669480968296),(287,'daef3055-657d-4453-a867-de23d6556419',7,1,7503,1,1669480969665),(288,'ef88e7ff-3a71-44de-900a-2b77c7b60caa',8,0,7584,1,1669480970810),(289,'263d5b7c-cabd-4a52-8420-9d998cf8ee18',1,1,2916,1,1669480971265),(290,'99cfd6d3-4355-420c-8cfe-0bdcf1bf8719',3,0,10852,1,1669480971854),(291,'e595e695-c5ab-402c-8a68-5690616102f3',19,1,8729,1,1669480972952),(292,'b227baed-50b0-4860-a99f-fdfa958fee0f',3,0,8459,1,1669480973139),(293,'d7061eb0-f500-4968-b2e2-99d0a2d1df6d',9,0,5117,1,1669480973109),(294,'8f0eef5c-1082-43c3-b983-033ff5e6b995',10,0,5889,1,1669480973083),(295,'2149c3b4-402c-4157-bfe2-d8ac51f5d6f2',4,1,8979,1,1669480976531),(296,'09c47e44-b8d0-42d3-8994-e2cb454eb9c9',15,1,4099,1,1669480973755),(297,'a34f81cd-ac01-42d7-813c-625f43158b99',11,1,5052,1,1669480973570),(298,'2374cd83-42e9-4c52-94db-7d8174c3cdcf',6,1,6606,1,1669480974813),(299,'1156686a-6ff5-46cd-ae3a-1509948d8632',3,1,2786,1,1669480975059),(300,'7299b892-c0cb-4282-b7f8-2abd53ffaa14',3,1,12174,1,1669481195435),(301,'742fcaa3-2049-474f-83e4-84316b94226d',3,0,8920,1,1669480975172),(302,'7bfa4357-0c0d-441e-9ac5-0568980988e6',13,1,10151,1,1669480976460),(303,'885247a3-82f4-44d5-8c98-bb4ae9af526f',5,1,7732,1,1669480978324),(304,'1cbcdeb9-d219-4e45-9a57-29d439a240d3',6,1,9239,1,1669480977474),(305,'a34f81cd-ac01-42d7-813c-625f43158b99',15,1,2650,1,1669480977200),(306,'8f0eef5c-1082-43c3-b983-033ff5e6b995',9,0,3851,1,1669480978431),(307,'c5d7979d-15dd-4bfa-b4c8-249ee8ba639a',18,0,8086,1,1669480979382),(308,'4ba81fc3-bf38-43be-b8bc-271d3ce51837',4,0,10248,1,1669480977955),(309,'263d5b7c-cabd-4a52-8420-9d998cf8ee18',14,1,6742,1,1669480979843),(310,'2149c3b4-402c-4157-bfe2-d8ac51f5d6f2',10,1,4793,1,1669480982889),(311,'7299b892-c0cb-4282-b7f8-2abd53ffaa14',10,1,4094,1,1669481201798),(312,'e3817379-e5a1-4e98-afea-7e0c4d32be15',5,NULL,10066,1,1669480981714),(313,'2374cd83-42e9-4c52-94db-7d8174c3cdcf',15,1,4858,1,1669480981837),(314,'09c47e44-b8d0-42d3-8994-e2cb454eb9c9',18,1,8000,1,1669480982680),(315,'daef3055-657d-4453-a867-de23d6556419',5,NULL,10157,1,1669480982499),(316,'b227baed-50b0-4860-a99f-fdfa958fee0f',5,1,7611,1,1669480983652),(317,'ef88e7ff-3a71-44de-900a-2b77c7b60caa',9,1,11970,1,1669480984019),(318,'742fcaa3-2049-474f-83e4-84316b94226d',9,1,7717,1,1669480984219),(319,'7bfa4357-0c0d-441e-9ac5-0568980988e6',11,1,7892,1,1669480985194),(320,'a34f81cd-ac01-42d7-813c-625f43158b99',8,0,3608,1,1669480983804),(321,'d7061eb0-f500-4968-b2e2-99d0a2d1df6d',11,1,8520,1,1669480985837),(322,'1cbcdeb9-d219-4e45-9a57-29d439a240d3',10,1,7044,1,1669480985585),(323,'8f0eef5c-1082-43c3-b983-033ff5e6b995',11,1,5277,1,1669480986430),(324,'99cfd6d3-4355-420c-8cfe-0bdcf1bf8719',13,1,12070,1,1669480986345),(325,'2149c3b4-402c-4157-bfe2-d8ac51f5d6f2',6,1,5247,1,1669480989728),(326,'7299b892-c0cb-4282-b7f8-2abd53ffaa14',4,0,4466,1,1669481207450),(327,'4ba81fc3-bf38-43be-b8bc-271d3ce51837',12,1,6005,1,1669480986437),(328,'885247a3-82f4-44d5-8c98-bb4ae9af526f',11,1,9876,1,1669480989447),(329,'1156686a-6ff5-46cd-ae3a-1509948d8632',4,NULL,12191,1,1669480988824),(330,'263d5b7c-cabd-4a52-8420-9d998cf8ee18',5,1,6193,1,1669480988650),(331,'2374cd83-42e9-4c52-94db-7d8174c3cdcf',5,1,5775,1,1669480988751),(332,'e595e695-c5ab-402c-8a68-5690616102f3',10,NULL,13119,1,1669480989182),(333,'a34f81cd-ac01-42d7-813c-625f43158b99',12,1,4447,1,1669480989342),(334,'8f0eef5c-1082-43c3-b983-033ff5e6b995',13,1,2942,1,1669480991271),(335,'09c47e44-b8d0-42d3-8994-e2cb454eb9c9',6,1,6574,1,1669480990244),(336,'a8c197d0-5dbf-4d1b-a016-1b639fba8926',1,NULL,12254,1,1669480989127),(337,'e3817379-e5a1-4e98-afea-7e0c4d32be15',9,1,9321,1,1669480992627),(338,'1cbcdeb9-d219-4e45-9a57-29d439a240d3',7,0,6735,1,1669480993456),(339,'2374cd83-42e9-4c52-94db-7d8174c3cdcf',20,1,4606,1,1669480994412),(340,'263d5b7c-cabd-4a52-8420-9d998cf8ee18',16,1,4828,1,1669480994533),(341,'a34f81cd-ac01-42d7-813c-625f43158b99',9,1,3338,1,1669480993805),(342,'c5d7979d-15dd-4bfa-b4c8-249ee8ba639a',4,NULL,12105,1,1669480994749),(343,'7299b892-c0cb-4282-b7f8-2abd53ffaa14',11,1,6153,1,1669481215606),(344,'e595e695-c5ab-402c-8a68-5690616102f3',1,1,6127,1,1669480997490),(345,'4ba81fc3-bf38-43be-b8bc-271d3ce51837',22,1,8376,1,1669480995586),(346,'7bfa4357-0c0d-441e-9ac5-0568980988e6',8,1,11805,1,1669480997782),(347,'742fcaa3-2049-474f-83e4-84316b94226d',4,NULL,12238,1,1669480997543),(348,'99cfd6d3-4355-420c-8cfe-0bdcf1bf8719',12,1,10693,1,1669480998244),(349,'8f0eef5c-1082-43c3-b983-033ff5e6b995',12,0,4889,1,1669480998503),(350,'09c47e44-b8d0-42d3-8994-e2cb454eb9c9',12,1,6975,1,1669480998126),(351,'247b3747-d0c0-463f-90ef-a19f83396da7',1,1,5865,1,1669480998824),(352,'ef88e7ff-3a71-44de-900a-2b77c7b60caa',10,1,8319,1,1669480999351),(353,'2149c3b4-402c-4157-bfe2-d8ac51f5d6f2',3,1,11621,1,1669481002517),(354,'daef3055-657d-4453-a867-de23d6556419',8,0,11498,1,1669480999182),(355,'885247a3-82f4-44d5-8c98-bb4ae9af526f',4,1,10189,1,1669481001037),(356,'a34f81cd-ac01-42d7-813c-625f43158b99',10,1,4058,1,1669480999410),(357,'e3817379-e5a1-4e98-afea-7e0c4d32be15',3,0,7388,1,1669481000849),(358,'2374cd83-42e9-4c52-94db-7d8174c3cdcf',7,1,5345,1,1669481000914),(359,'7299b892-c0cb-4282-b7f8-2abd53ffaa14',5,0,4501,1,1669481221476),(360,'4ba81fc3-bf38-43be-b8bc-271d3ce51837',7,1,2534,1,1669480999727),(361,'d7061eb0-f500-4968-b2e2-99d0a2d1df6d',5,0,5249,1,1669481002207),(362,'1cbcdeb9-d219-4e45-9a57-29d439a240d3',17,0,7148,1,1669481001891),(363,'263d5b7c-cabd-4a52-8420-9d998cf8ee18',13,1,7013,1,1669481002566),(364,'1156686a-6ff5-46cd-ae3a-1509948d8632',5,NULL,10157,1,1669481003745),(365,'7299b892-c0cb-4282-b7f8-2abd53ffaa14',6,0,943,1,1669481225130),(366,'1156686a-6ff5-46cd-ae3a-1509948d8632',6,1,1433,1,1669481006305),(367,'a34f81cd-ac01-42d7-813c-625f43158b99',17,0,4458,1,1669481005064),(368,'7bfa4357-0c0d-441e-9ac5-0568980988e6',19,1,8038,1,1669481006855),(369,'2374cd83-42e9-4c52-94db-7d8174c3cdcf',12,0,5154,1,1669481006959),(370,'c5d7979d-15dd-4bfa-b4c8-249ee8ba639a',20,1,9008,1,1669481007218),(371,'2149c3b4-402c-4157-bfe2-d8ac51f5d6f2',9,1,5220,1,1669481010227),(372,'4ba81fc3-bf38-43be-b8bc-271d3ce51837',16,0,5767,1,1669481006375),(373,'99cfd6d3-4355-420c-8cfe-0bdcf1bf8719',20,1,9081,1,1669481008680),(374,'d7061eb0-f500-4968-b2e2-99d0a2d1df6d',19,1,5340,1,1669481009063),(375,'9c2c5734-c255-4309-b26b-f61ade14f03a',6,1,11221,1,1669481009070),(376,'8f0eef5c-1082-43c3-b983-033ff5e6b995',21,0,9552,1,1669481009549),(377,'885247a3-82f4-44d5-8c98-bb4ae9af526f',15,1,8718,1,1669481011287),(378,'263d5b7c-cabd-4a52-8420-9d998cf8ee18',18,0,6870,1,1669481010438),(379,'a8c197d0-5dbf-4d1b-a016-1b639fba8926',8,0,15004,1,1669481008541),(380,'2374cd83-42e9-4c52-94db-7d8174c3cdcf',9,1,3550,1,1669481011950),(381,'a34f81cd-ac01-42d7-813c-625f43158b99',13,0,4556,1,1669481011100),(382,'e3817379-e5a1-4e98-afea-7e0c4d32be15',6,1,10468,1,1669481012403),(383,'742fcaa3-2049-474f-83e4-84316b94226d',6,NULL,13249,1,1669481012899),(384,'1156686a-6ff5-46cd-ae3a-1509948d8632',8,0,5561,1,1669481013164),(385,'7299b892-c0cb-4282-b7f8-2abd53ffaa14',19,1,3084,1,1669481233289),(386,'c894fec7-bb65-4e7c-91f8-512e430bd12a',2,1,10007,1,1669481013145),(387,'daef3055-657d-4453-a867-de23d6556419',6,1,10728,1,1669481012955),(388,'e595e695-c5ab-402c-8a68-5690616102f3',20,0,13907,1,1669481013658),(389,'1cbcdeb9-d219-4e45-9a57-29d439a240d3',16,1,10079,1,1669481013794),(390,'09c47e44-b8d0-42d3-8994-e2cb454eb9c9',21,0,14772,1,1669481013662),(391,'b227baed-50b0-4860-a99f-fdfa958fee0f',4,0,12309,1,1669481014808),(392,'9c2c5734-c255-4309-b26b-f61ade14f03a',7,1,5083,1,1669481015233),(393,'99cfd6d3-4355-420c-8cfe-0bdcf1bf8719',9,1,5593,1,1669481015244),(394,'263d5b7c-cabd-4a52-8420-9d998cf8ee18',17,0,3203,1,1669481015475),(395,'4ba81fc3-bf38-43be-b8bc-271d3ce51837',14,1,7361,1,1669481015015),(396,'b227baed-50b0-4860-a99f-fdfa958fee0f',7,0,2360,1,1669481017476),(397,'2374cd83-42e9-4c52-94db-7d8174c3cdcf',10,1,4343,1,1669481017257),(398,'885247a3-82f4-44d5-8c98-bb4ae9af526f',10,1,5995,1,1669481018360),(399,'ef88e7ff-3a71-44de-900a-2b77c7b60caa',1,0,8087,1,1669481018451),(400,'247b3747-d0c0-463f-90ef-a19f83396da7',15,1,4915,1,1669481018613),(401,'7bfa4357-0c0d-441e-9ac5-0568980988e6',15,1,11787,1,1669481019375),(402,'8f0eef5c-1082-43c3-b983-033ff5e6b995',14,1,9423,1,1669481020284),(403,'1156686a-6ff5-46cd-ae3a-1509948d8632',17,0,5032,1,1669481021079),(404,'e3817379-e5a1-4e98-afea-7e0c4d32be15',16,0,8316,1,1669481021575),(405,'2149c3b4-402c-4157-bfe2-d8ac51f5d6f2',14,1,12949,1,1669481024314),(406,'4ba81fc3-bf38-43be-b8bc-271d3ce51837',19,0,3894,1,1669481019896),(407,'c5d7979d-15dd-4bfa-b4c8-249ee8ba639a',6,0,11061,1,1669481021746),(408,'a34f81cd-ac01-42d7-813c-625f43158b99',14,1,8831,1,1669481021087),(409,'e595e695-c5ab-402c-8a68-5690616102f3',2,0,7610,1,1669481022959),(410,'7299b892-c0cb-4282-b7f8-2abd53ffaa14',8,1,8684,1,1669481244799),(411,'09c47e44-b8d0-42d3-8994-e2cb454eb9c9',17,1,7092,1,1669481024223),(412,'d7061eb0-f500-4968-b2e2-99d0a2d1df6d',4,NULL,12196,1,1669481025133),(413,'742fcaa3-2049-474f-83e4-84316b94226d',15,1,10960,1,1669481025509),(414,'7bfa4357-0c0d-441e-9ac5-0568980988e6',9,0,5741,1,1669481025882),(415,'1156686a-6ff5-46cd-ae3a-1509948d8632',7,0,3713,1,1669481026146),(416,'1cbcdeb9-d219-4e45-9a57-29d439a240d3',15,0,10867,1,1669481025600),(417,'9c2c5734-c255-4309-b26b-f61ade14f03a',5,NULL,10177,1,1669481026163),(418,'4ba81fc3-bf38-43be-b8bc-271d3ce51837',11,1,3696,1,1669481024943),(419,'885247a3-82f4-44d5-8c98-bb4ae9af526f',6,1,9269,1,1669481028575),(420,'ef88e7ff-3a71-44de-900a-2b77c7b60caa',15,1,6684,1,1669481028695),(421,'99cfd6d3-4355-420c-8cfe-0bdcf1bf8719',6,NULL,13117,1,1669481029508),(422,'1156686a-6ff5-46cd-ae3a-1509948d8632',9,1,3342,1,1669481030572),(423,'7299b892-c0cb-4282-b7f8-2abd53ffaa14',7,1,4745,1,1669481250944),(424,'daef3055-657d-4453-a867-de23d6556419',11,NULL,15244,1,1669481030172),(425,'2149c3b4-402c-4157-bfe2-d8ac51f5d6f2',11,1,9452,1,1669481034771),(426,'09c47e44-b8d0-42d3-8994-e2cb454eb9c9',9,1,6981,1,1669481032303),(427,'7bfa4357-0c0d-441e-9ac5-0568980988e6',10,1,6086,1,1669481033076),(428,'1156686a-6ff5-46cd-ae3a-1509948d8632',14,0,1517,1,1669481033424),(429,'e595e695-c5ab-402c-8a68-5690616102f3',7,1,8926,1,1669481033574),(430,'263d5b7c-cabd-4a52-8420-9d998cf8ee18',6,1,4793,1,1669481033843),(431,'885247a3-82f4-44d5-8c98-bb4ae9af526f',8,1,5359,1,1669481034951),(432,'4ba81fc3-bf38-43be-b8bc-271d3ce51837',10,1,6176,1,1669481032404),(433,'2374cd83-42e9-4c52-94db-7d8174c3cdcf',22,NULL,16271,1,1669481034614),(434,'9c2c5734-c255-4309-b26b-f61ade14f03a',4,1,7814,1,1669481035193),(435,'b227baed-50b0-4860-a99f-fdfa958fee0f',9,0,12472,1,1669481035273),(436,'e3817379-e5a1-4e98-afea-7e0c4d32be15',22,1,11748,1,1669481035359),(437,'c5d7979d-15dd-4bfa-b4c8-249ee8ba639a',7,1,11199,1,1669481034792),(438,'d7061eb0-f500-4968-b2e2-99d0a2d1df6d',8,0,9827,1,1669481036440),(439,'1cbcdeb9-d219-4e45-9a57-29d439a240d3',13,1,9267,1,1669481036156),(440,'99cfd6d3-4355-420c-8cfe-0bdcf1bf8719',7,1,5043,1,1669481036749),(441,'247b3747-d0c0-463f-90ef-a19f83396da7',18,NULL,15275,1,1669481036581),(442,'a8c197d0-5dbf-4d1b-a016-1b639fba8926',4,NULL,18301,1,1669481034184),(443,'c894fec7-bb65-4e7c-91f8-512e430bd12a',3,NULL,12154,1,1669481037150),(444,'ef88e7ff-3a71-44de-900a-2b77c7b60caa',2,1,6946,1,1669481037698),(445,'2149c3b4-402c-4157-bfe2-d8ac51f5d6f2',12,0,5167,1,1669481040759),(446,'742fcaa3-2049-474f-83e4-84316b94226d',11,1,13895,1,1669481040418),(447,'1156686a-6ff5-46cd-ae3a-1509948d8632',10,0,6372,1,1669481040983),(448,'8f0eef5c-1082-43c3-b983-033ff5e6b995',18,0,5110,1,1669481042045),(449,'99cfd6d3-4355-420c-8cfe-0bdcf1bf8719',19,1,4707,1,1669481042215),(450,'263d5b7c-cabd-4a52-8420-9d998cf8ee18',22,0,7132,1,1669481042990),(451,'7bfa4357-0c0d-441e-9ac5-0568980988e6',12,1,9240,1,1669481043380),(452,'9c2c5734-c255-4309-b26b-f61ade14f03a',8,0,7080,1,1669481043328),(453,'885247a3-82f4-44d5-8c98-bb4ae9af526f',12,1,9043,1,1669481044944),(454,'2374cd83-42e9-4c52-94db-7d8174c3cdcf',13,1,7845,1,1669481044117),(455,'7299b892-c0cb-4282-b7f8-2abd53ffaa14',13,NULL,12347,1,1669481264728),(456,'d7061eb0-f500-4968-b2e2-99d0a2d1df6d',13,0,7552,1,1669481045171),(457,'09c47e44-b8d0-42d3-8994-e2cb454eb9c9',13,1,11891,1,1669481045176),(458,'e595e695-c5ab-402c-8a68-5690616102f3',15,1,11145,1,1669481045894),(459,'1156686a-6ff5-46cd-ae3a-1509948d8632',19,0,3871,1,1669481046242),(460,'daef3055-657d-4453-a867-de23d6556419',3,NULL,12219,1,1669481046422),(461,'1cbcdeb9-d219-4e45-9a57-29d439a240d3',8,0,10254,1,1669481047203),(462,'ef88e7ff-3a71-44de-900a-2b77c7b60caa',4,1,8484,1,1669481047895),(463,'8f0eef5c-1082-43c3-b983-033ff5e6b995',17,0,3738,1,1669481048164),(464,'c5d7979d-15dd-4bfa-b4c8-249ee8ba639a',9,0,11973,1,1669481047963),(465,'263d5b7c-cabd-4a52-8420-9d998cf8ee18',3,0,5549,1,1669481050143),(466,'885247a3-82f4-44d5-8c98-bb4ae9af526f',9,1,5859,1,1669481051670),(467,'742fcaa3-2049-474f-83e4-84316b94226d',16,1,11124,1,1669481052559),(468,'b227baed-50b0-4860-a99f-fdfa958fee0f',12,1,6987,1,1669481054070),(469,'2149c3b4-402c-4157-bfe2-d8ac51f5d6f2',13,1,10261,1,1669481056814),(470,'09c47e44-b8d0-42d3-8994-e2cb454eb9c9',16,1,8027,1,1669481054123),(471,'99cfd6d3-4355-420c-8cfe-0bdcf1bf8719',4,NULL,12111,1,1669481055194),(472,'e3817379-e5a1-4e98-afea-7e0c4d32be15',10,0,11075,1,1669481055708),(473,'247b3747-d0c0-463f-90ef-a19f83396da7',6,NULL,13319,1,1669481055485),(474,'8f0eef5c-1082-43c3-b983-033ff5e6b995',15,1,3709,1,1669481055992),(475,'1cbcdeb9-d219-4e45-9a57-29d439a240d3',11,1,7511,1,1669481055708),(476,'daef3055-657d-4453-a867-de23d6556419',13,0,6026,1,1669481056054),(477,'7299b892-c0cb-4282-b7f8-2abd53ffaa14',9,1,8975,1,1669481277595),(478,'9c2c5734-c255-4309-b26b-f61ade14f03a',11,1,10863,1,1669481057457),(479,'2374cd83-42e9-4c52-94db-7d8174c3cdcf',17,0,4589,1,1669481058240),(480,'d7061eb0-f500-4968-b2e2-99d0a2d1df6d',14,0,12419,1,1669481058725),(481,'263d5b7c-cabd-4a52-8420-9d998cf8ee18',4,1,6031,1,1669481058758),(482,'885247a3-82f4-44d5-8c98-bb4ae9af526f',13,0,7983,1,1669481060592),(483,'c5d7979d-15dd-4bfa-b4c8-249ee8ba639a',12,1,9203,1,1669481059811),(484,'e595e695-c5ab-402c-8a68-5690616102f3',18,1,13413,1,1669481061245),(485,'2149c3b4-402c-4157-bfe2-d8ac51f5d6f2',15,1,7235,1,1669481065047),(486,'ef88e7ff-3a71-44de-900a-2b77c7b60caa',14,0,11320,1,1669481062920),(487,'9c2c5734-c255-4309-b26b-f61ade14f03a',19,0,6686,1,1669481065056),(488,'99cfd6d3-4355-420c-8cfe-0bdcf1bf8719',8,0,4803,1,1669481064910),(489,'247b3747-d0c0-463f-90ef-a19f83396da7',12,0,7712,1,1669481065151),(490,'742fcaa3-2049-474f-83e4-84316b94226d',8,0,12048,1,1669481065751),(491,'d7061eb0-f500-4968-b2e2-99d0a2d1df6d',10,1,7837,1,1669481067598),(492,'8f0eef5c-1082-43c3-b983-033ff5e6b995',22,1,9854,1,1669481068430),(493,'c5d7979d-15dd-4bfa-b4c8-249ee8ba639a',5,1,7272,1,1669481068638),(494,'263d5b7c-cabd-4a52-8420-9d998cf8ee18',10,1,9049,1,1669481069663),(495,'885247a3-82f4-44d5-8c98-bb4ae9af526f',16,1,8197,1,1669481070504),(496,'7299b892-c0cb-4282-b7f8-2abd53ffaa14',14,1,6550,1,1669481290476),(497,'1cbcdeb9-d219-4e45-9a57-29d439a240d3',18,1,13479,1,1669481070095),(498,'e595e695-c5ab-402c-8a68-5690616102f3',12,0,7165,1,1669481070361),(499,'c894fec7-bb65-4e7c-91f8-512e430bd12a',22,NULL,16180,1,1669481070531),(500,'9c2c5734-c255-4309-b26b-f61ade14f03a',9,1,3972,1,1669481070904),(501,'daef3055-657d-4453-a867-de23d6556419',4,NULL,12249,1,1669481070681),(502,'e3817379-e5a1-4e98-afea-7e0c4d32be15',18,0,11886,1,1669481072476),(503,'2149c3b4-402c-4157-bfe2-d8ac51f5d6f2',17,1,8971,1,1669481076070),(504,'1cbcdeb9-d219-4e45-9a57-29d439a240d3',19,0,3227,1,1669481074024),(505,'2374cd83-42e9-4c52-94db-7d8174c3cdcf',14,NULL,15259,1,1669481074747),(506,'8f0eef5c-1082-43c3-b983-033ff5e6b995',16,0,2947,1,1669481075899),(507,'ef88e7ff-3a71-44de-900a-2b77c7b60caa',11,1,8915,1,1669481076882),(508,'9c2c5734-c255-4309-b26b-f61ade14f03a',10,0,5285,1,1669481077515),(509,'b227baed-50b0-4860-a99f-fdfa958fee0f',13,1,6769,1,1669481077764),(510,'7299b892-c0cb-4282-b7f8-2abd53ffaa14',12,1,6828,1,1669481299499),(511,'d7061eb0-f500-4968-b2e2-99d0a2d1df6d',12,1,10043,1,1669481080552),(512,'263d5b7c-cabd-4a52-8420-9d998cf8ee18',21,0,8115,1,1669481080513),(513,'c5d7979d-15dd-4bfa-b4c8-249ee8ba639a',16,1,10874,1,1669481080430),(514,'99cfd6d3-4355-420c-8cfe-0bdcf1bf8719',22,0,14021,1,1669481081461),(515,'e595e695-c5ab-402c-8a68-5690616102f3',9,1,10143,1,1669481081826),(516,'daef3055-657d-4453-a867-de23d6556419',9,1,7900,1,1669481081261),(517,'742fcaa3-2049-474f-83e4-84316b94226d',18,0,15200,1,1669481082142),(518,'8f0eef5c-1082-43c3-b983-033ff5e6b995',19,0,4393,1,1669481082754),(519,'247b3747-d0c0-463f-90ef-a19f83396da7',8,0,4799,1,1669481083147),(520,'7299b892-c0cb-4282-b7f8-2abd53ffaa14',15,1,4454,1,1669481304943),(521,'2374cd83-42e9-4c52-94db-7d8174c3cdcf',16,0,7403,1,1669481084946),(522,'ef88e7ff-3a71-44de-900a-2b77c7b60caa',18,0,5365,1,1669481086125),(523,'e3817379-e5a1-4e98-afea-7e0c4d32be15',4,0,11495,1,1669481086095),(524,'1cbcdeb9-d219-4e45-9a57-29d439a240d3',22,0,11458,1,1669481086059),(525,'263d5b7c-cabd-4a52-8420-9d998cf8ee18',12,0,4884,1,1669481088385),(526,'9c2c5734-c255-4309-b26b-f61ade14f03a',14,0,10281,1,1669481089534),(527,'d7061eb0-f500-4968-b2e2-99d0a2d1df6d',20,1,10237,1,1669481091802),(528,'2374cd83-42e9-4c52-94db-7d8174c3cdcf',19,1,6282,1,1669481092380),(529,'e595e695-c5ab-402c-8a68-5690616102f3',16,1,10124,1,1669481093095),(530,'263d5b7c-cabd-4a52-8420-9d998cf8ee18',15,1,3165,1,1669481093635),(531,'742fcaa3-2049-474f-83e4-84316b94226d',7,1,10691,1,1669481093789),(532,'8f0eef5c-1082-43c3-b983-033ff5e6b995',20,0,7684,1,1669481094299),(533,'daef3055-657d-4453-a867-de23d6556419',10,1,11028,1,1669481094270),(534,'c5d7979d-15dd-4bfa-b4c8-249ee8ba639a',11,NULL,15128,1,1669481096639),(535,'247b3747-d0c0-463f-90ef-a19f83396da7',13,NULL,12191,1,1669481097156),(536,'99cfd6d3-4355-420c-8cfe-0bdcf1bf8719',18,1,14085,1,1669481097493),(537,'e3817379-e5a1-4e98-afea-7e0c4d32be15',14,0,9936,1,1669481098816),(538,'ef88e7ff-3a71-44de-900a-2b77c7b60caa',22,1,11988,1,1669481100085),(539,'1cbcdeb9-d219-4e45-9a57-29d439a240d3',20,1,13791,1,1669481101021),(540,'9c2c5734-c255-4309-b26b-f61ade14f03a',12,1,11639,1,1669481101648),(541,'c5d7979d-15dd-4bfa-b4c8-249ee8ba639a',19,1,5490,1,1669481104019),(542,'742fcaa3-2049-474f-83e4-84316b94226d',10,0,9626,1,1669481104317),(543,'99cfd6d3-4355-420c-8cfe-0bdcf1bf8719',10,1,6599,1,1669481105106),(544,'ef88e7ff-3a71-44de-900a-2b77c7b60caa',19,1,3465,1,1669481105455),(545,'daef3055-657d-4453-a867-de23d6556419',12,0,8338,1,1669481106162),(546,'c894fec7-bb65-4e7c-91f8-512e430bd12a',4,NULL,12119,1,1669481109603),(547,'247b3747-d0c0-463f-90ef-a19f83396da7',7,1,10762,1,1669481109682),(548,'d7061eb0-f500-4968-b2e2-99d0a2d1df6d',16,NULL,15255,1,1669481110479),(549,'9c2c5734-c255-4309-b26b-f61ade14f03a',13,1,8869,1,1669481111227),(550,'ef88e7ff-3a71-44de-900a-2b77c7b60caa',6,1,5014,1,1669481111757),(551,'e3817379-e5a1-4e98-afea-7e0c4d32be15',17,0,10081,1,1669481113750),(552,'1cbcdeb9-d219-4e45-9a57-29d439a240d3',21,0,11495,1,1669481113305),(553,'b227baed-50b0-4860-a99f-fdfa958fee0f',11,1,10344,1,1669481116930),(554,'742fcaa3-2049-474f-83e4-84316b94226d',13,NULL,12169,1,1669481118129),(555,'9c2c5734-c255-4309-b26b-f61ade14f03a',15,0,6630,1,1669481118686),(556,'e595e695-c5ab-402c-8a68-5690616102f3',6,0,11288,1,1669481120065),(557,'e3817379-e5a1-4e98-afea-7e0c4d32be15',7,1,5540,1,1669481120408),(558,'c894fec7-bb65-4e7c-91f8-512e430bd12a',21,0,7750,1,1669481120753),(559,'99cfd6d3-4355-420c-8cfe-0bdcf1bf8719',11,NULL,15113,1,1669481121246),(560,'9c2c5734-c255-4309-b26b-f61ade14f03a',16,0,1597,1,1669481121892),(561,'742fcaa3-2049-474f-83e4-84316b94226d',12,0,2126,1,1669481121834),(562,'d7061eb0-f500-4968-b2e2-99d0a2d1df6d',18,1,9861,1,1669481121999),(563,'9c2c5734-c255-4309-b26b-f61ade14f03a',17,0,989,1,1669481123808),(564,'daef3055-657d-4453-a867-de23d6556419',16,NULL,15293,1,1669481125263),(565,'247b3747-d0c0-463f-90ef-a19f83396da7',14,NULL,15289,1,1669481126694),(566,'99cfd6d3-4355-420c-8cfe-0bdcf1bf8719',17,0,6013,1,1669481128833),(567,'e3817379-e5a1-4e98-afea-7e0c4d32be15',19,0,7290,1,1669481128533),(568,'d7061eb0-f500-4968-b2e2-99d0a2d1df6d',15,1,6571,1,1669481129945),(569,'742fcaa3-2049-474f-83e4-84316b94226d',14,0,11701,1,1669481134377),(570,'e595e695-c5ab-402c-8a68-5690616102f3',4,NULL,12104,1,1669481134809),(571,'99cfd6d3-4355-420c-8cfe-0bdcf1bf8719',16,1,10594,1,1669481141807),(572,'e3817379-e5a1-4e98-afea-7e0c4d32be15',21,0,13016,1,1669481142667),(573,'d7061eb0-f500-4968-b2e2-99d0a2d1df6d',22,0,13597,1,1669481144915),(574,'e3817379-e5a1-4e98-afea-7e0c4d32be15',12,1,4409,1,1669481148078),(575,'e595e695-c5ab-402c-8a68-5690616102f3',11,NULL,15128,1,1669481151435),(576,'b227baed-50b0-4860-a99f-fdfa958fee0f',8,0,5065,1,1669481153478),(577,'d7061eb0-f500-4968-b2e2-99d0a2d1df6d',21,0,8725,1,1669481155136),(578,'e3817379-e5a1-4e98-afea-7e0c4d32be15',13,0,7152,1,1669481155969),(579,'e595e695-c5ab-402c-8a68-5690616102f3',17,0,6443,1,1669481159997),(580,'742fcaa3-2049-474f-83e4-84316b94226d',21,NULL,26728,1,1669481162139),(581,'e3817379-e5a1-4e98-afea-7e0c4d32be15',11,0,5138,1,1669481162929),(582,'c5d7979d-15dd-4bfa-b4c8-249ee8ba639a',2,1,8256,1,1669481163521),(583,'d7061eb0-f500-4968-b2e2-99d0a2d1df6d',17,0,7774,1,1669481164172),(584,'e595e695-c5ab-402c-8a68-5690616102f3',5,1,9496,1,1669481170867),(585,'e3817379-e5a1-4e98-afea-7e0c4d32be15',15,1,9449,1,1669481173266),(586,'b227baed-50b0-4860-a99f-fdfa958fee0f',14,NULL,15422,1,1669481175332),(587,'c5d7979d-15dd-4bfa-b4c8-249ee8ba639a',14,NULL,15085,1,1669481179791),(588,'e595e695-c5ab-402c-8a68-5690616102f3',8,0,13724,1,1669481189039),(589,'b227baed-50b0-4860-a99f-fdfa958fee0f',10,0,4839,1,1669481195994),(590,'c5d7979d-15dd-4bfa-b4c8-249ee8ba639a',13,1,6208,1,1669481198296),(591,'9c2c5734-c255-4309-b26b-f61ade14f03a',20,0,7793,1,1669481202948),(592,'b227baed-50b0-4860-a99f-fdfa958fee0f',17,0,5752,1,1669481203776),(593,'e595e695-c5ab-402c-8a68-5690616102f3',13,1,8814,1,1669481203807),(594,'b227baed-50b0-4860-a99f-fdfa958fee0f',18,1,7240,1,1669481213150),(595,'c5d7979d-15dd-4bfa-b4c8-249ee8ba639a',22,NULL,16099,1,1669481215493),(596,'9c2c5734-c255-4309-b26b-f61ade14f03a',21,0,11460,1,1669481216075),(597,'9c2c5734-c255-4309-b26b-f61ade14f03a',22,1,8039,1,1669481226801),(598,'c5d7979d-15dd-4bfa-b4c8-249ee8ba639a',17,1,9053,1,1669481252979),(599,'c5d7979d-15dd-4bfa-b4c8-249ee8ba639a',15,1,6454,1,1669481260683),(600,'c5d7979d-15dd-4bfa-b4c8-249ee8ba639a',10,NULL,13132,1,1669481274746),(601,'c5d7979d-15dd-4bfa-b4c8-249ee8ba639a',8,1,4192,1,1669481430932),(602,'c5d7979d-15dd-4bfa-b4c8-249ee8ba639a',1,0,7055,1,1669481440756),(603,'b806f98c-c12a-49e6-bebf-87a9bced14a8',1,1,3744,1,1669489504887),(604,'b806f98c-c12a-49e6-bebf-87a9bced14a8',3,1,3955,1,1669489510709),(605,'b806f98c-c12a-49e6-bebf-87a9bced14a8',2,0,7293,1,1669489518795),(606,'b806f98c-c12a-49e6-bebf-87a9bced14a8',9,0,4085,1,1669489525827),(607,'b806f98c-c12a-49e6-bebf-87a9bced14a8',7,1,6719,1,1669489534674),(608,'b806f98c-c12a-49e6-bebf-87a9bced14a8',13,1,8435,1,1669489546757),(609,'b806f98c-c12a-49e6-bebf-87a9bced14a8',5,1,4996,1,1669489554131),(610,'b806f98c-c12a-49e6-bebf-87a9bced14a8',6,NULL,13228,1,1669489595508),(611,'a23b1e17-e0ea-4ad5-8984-8a15cc5dc2f0',11,1,12486,1,1669493898885),(612,'a23b1e17-e0ea-4ad5-8984-8a15cc5dc2f0',3,1,4463,1,1669493909541),(613,'a23b1e17-e0ea-4ad5-8984-8a15cc5dc2f0',5,1,8817,1,1669493931026),(614,'a23b1e17-e0ea-4ad5-8984-8a15cc5dc2f0',1,0,6331,1,1669493940488),(615,'a23b1e17-e0ea-4ad5-8984-8a15cc5dc2f0',4,1,9568,1,1669493955067),(616,'a23b1e17-e0ea-4ad5-8984-8a15cc5dc2f0',12,NULL,19447,1,1669493977156),(617,'a23b1e17-e0ea-4ad5-8984-8a15cc5dc2f0',7,1,5864,1,1669494015186),(618,'a23b1e17-e0ea-4ad5-8984-8a15cc5dc2f0',14,NULL,16317,1,1669494035574),(619,'92f2fa36-e19c-4c4b-8a77-027da2a61e2e',4,NULL,21739,1,1671671426155),(620,'07b3bf9e-62eb-4028-9272-b1da926e3901',1,0,6694,1,1671823516871),(621,'07b3bf9e-62eb-4028-9272-b1da926e3901',2,0,4531,1,1671823539205),(622,'07b3bf9e-62eb-4028-9272-b1da926e3901',3,0,7694,1,1671823550109),(623,'cd1de1e9-85d0-4833-8270-f8e959027c4a',1,1,3593,1,1671826113976),(624,'cd1de1e9-85d0-4833-8270-f8e959027c4a',2,1,6838,1,1671826145038),(625,'cd1de1e9-85d0-4833-8270-f8e959027c4a',3,1,9428,1,1671826157733),(626,'fb950b40-5e91-468e-889b-553b08b4220f',1,1,8019,1,1673715716533),(627,'fb950b40-5e91-468e-889b-553b08b4220f',2,1,6788,1,1673715726627),(628,'cd1de1e9-85d0-4833-8270-f8e959027c4a',8,0,7601,1,1673990570339),(629,'cd1de1e9-85d0-4833-8270-f8e959027c4a',1,1,4381,1,1673990577538),(630,'cd1de1e9-85d0-4833-8270-f8e959027c4a',5,NULL,10103,1,1673990593803),(631,'cd1de1e9-85d0-4833-8270-f8e959027c4a',2,0,4207,1,1673990604010),(632,'cd1de1e9-85d0-4833-8270-f8e959027c4a',3,1,8597,1,1673990615241),(633,'cd1de1e9-85d0-4833-8270-f8e959027c4a',18,0,8518,1,1673990626497),(634,'cd1de1e9-85d0-4833-8270-f8e959027c4a',4,NULL,12117,1,1673990640448),(635,'cd1de1e9-85d0-4833-8270-f8e959027c4a',6,1,10895,1,1673990654194),(636,'c3d37e06-2d28-476f-8ace-554bec6b69d8',1,1,8489,1,1675192736705),(637,'c3d37e06-2d28-476f-8ace-554bec6b69d8',8,0,7762,1,1675192746439),(638,'c3d37e06-2d28-476f-8ace-554bec6b69d8',2,1,4309,1,1675192753807),(639,'c3d37e06-2d28-476f-8ace-554bec6b69d8',18,0,2028,1,1675192757191),(640,'c3d37e06-2d28-476f-8ace-554bec6b69d8',5,NULL,10092,1,1675192768351),(641,'092f566f-8a13-4489-9da3-8ecf24bca9cf',5,NULL,10118,1,1675192859979),(642,'092f566f-8a13-4489-9da3-8ecf24bca9cf',2,0,3706,1,1675192869186),(643,'092f566f-8a13-4489-9da3-8ecf24bca9cf',1,0,4501,1,1675192892651),(644,'092f566f-8a13-4489-9da3-8ecf24bca9cf',7,0,10036,1,1675192916370),(645,'7522b8b0-6b3e-4c3b-bd91-c145cb6d8c58',2,0,5553,1,1675260646441),(646,'7522b8b0-6b3e-4c3b-bd91-c145cb6d8c58',13,1,5975,1,1675260660881),(647,'7522b8b0-6b3e-4c3b-bd91-c145cb6d8c58',1,1,4051,1,1675260667025),(648,'7522b8b0-6b3e-4c3b-bd91-c145cb6d8c58',3,0,8835,1,1675260678002),(649,'7522b8b0-6b3e-4c3b-bd91-c145cb6d8c58',9,0,6368,1,1675260686769),(650,'7522b8b0-6b3e-4c3b-bd91-c145cb6d8c58',4,1,9185,1,1675260699928),(651,'7522b8b0-6b3e-4c3b-bd91-c145cb6d8c58',7,1,3954,1,1675260705360),(652,'7522b8b0-6b3e-4c3b-bd91-c145cb6d8c58',5,1,6201,1,1675260713392),(653,'7522b8b0-6b3e-4c3b-bd91-c145cb6d8c58',19,1,3420,1,1675260718449),(654,'7522b8b0-6b3e-4c3b-bd91-c145cb6d8c58',6,1,4172,1,1675260724041),(655,'7522b8b0-6b3e-4c3b-bd91-c145cb6d8c58',8,1,4308,1,1675260729880),(656,'7522b8b0-6b3e-4c3b-bd91-c145cb6d8c58',10,1,2516,1,1675260733592),(657,'7522b8b0-6b3e-4c3b-bd91-c145cb6d8c58',12,1,7106,1,1675260741961),(658,'7522b8b0-6b3e-4c3b-bd91-c145cb6d8c58',11,1,7818,1,1675260751416),(659,'7522b8b0-6b3e-4c3b-bd91-c145cb6d8c58',14,1,6051,1,1675260758769),(660,'7522b8b0-6b3e-4c3b-bd91-c145cb6d8c58',15,1,5252,1,1675260765513),(661,'cd1de1e9-85d0-4833-8270-f8e959027c4a',1,0,2166,1,1677281415446),(662,'cd1de1e9-85d0-4833-8270-f8e959027c4a',2,0,1798,1,1677281460529),(663,'6870c57f-a7a6-45e1-940a-aefc2fb501e7',1,0,11728,1,1680815274625),(664,'6870c57f-a7a6-45e1-940a-aefc2fb501e7',10,0,5103,1,1680819151921),(665,'6870c57f-a7a6-45e1-940a-aefc2fb501e7',1,0,4143,1,1680819161632),(666,'6870c57f-a7a6-45e1-940a-aefc2fb501e7',15,NULL,15119,1,1680819201926),(667,'6870c57f-a7a6-45e1-940a-aefc2fb501e7',3,0,6986,1,1680819240216),(668,'6870c57f-a7a6-45e1-940a-aefc2fb501e7',3,0,7168,1,1681934770302),(669,'6870c57f-a7a6-45e1-940a-aefc2fb501e7',13,1,6808,1,1681934790470),(670,'6870c57f-a7a6-45e1-940a-aefc2fb501e7',1,1,2120,1,1681934957157);
/*!40000 ALTER TABLE `user_answer` ENABLE KEYS */;
UNLOCK TABLES;

--
-- Dumping data for table `user_sticker`
--

LOCK TABLES `user_sticker` WRITE;
/*!40000 ALTER TABLE `user_sticker` DISABLE KEYS */;
INSERT INTO `user_sticker` VALUES (45,'84b2b7db-4c3c-4c25-ad90-52cdf0d82240',2,0,1656364789617),(46,'84b2b7db-4c3c-4c25-ad90-52cdf0d82240',2,0,1656364870343),(47,'84b2b7db-4c3c-4c25-ad90-52cdf0d82240',3,0,1656364870347),(48,'84b2b7db-4c3c-4c25-ad90-52cdf0d82240',4,0,1656364870349),(49,'84b2b7db-4c3c-4c25-ad90-52cdf0d82240',5,0,1656364884789),(50,'84b2b7db-4c3c-4c25-ad90-52cdf0d82240',6,0,1656364884791),(51,'84b2b7db-4c3c-4c25-ad90-52cdf0d82240',7,0,1656364884794),(52,'84b2b7db-4c3c-4c25-ad90-52cdf0d82240',2,0,1656364904867),(53,'84b2b7db-4c3c-4c25-ad90-52cdf0d82240',3,0,1656364907769),(54,'84b2b7db-4c3c-4c25-ad90-52cdf0d82240',5,0,1656364913056),(55,'84b2b7db-4c3c-4c25-ad90-52cdf0d82240',6,0,1656364913058),(56,'84b2b7db-4c3c-4c25-ad90-52cdf0d82240',4,0,1656364913052),(57,'f13b6933-a59c-4790-89f9-313f36960724',6,0,1656364924592),(58,'f13b6933-a59c-4790-89f9-313f36960724',7,0,1656364924593),(59,'f13b6933-a59c-4790-89f9-313f36960724',8,0,1656364924594),(60,'84b2b7db-4c3c-4c25-ad90-52cdf0d82240',7,0,1656364928398),(61,'84b2b7db-4c3c-4c25-ad90-52cdf0d82240',8,0,1656364928399),(62,'84b2b7db-4c3c-4c25-ad90-52cdf0d82240',9,0,1656364928401),(63,'f13b6933-a59c-4790-89f9-313f36960724',9,0,1656364932038),(64,'f13b6933-a59c-4790-89f9-313f36960724',10,0,1656364932039),(65,'f13b6933-a59c-4790-89f9-313f36960724',11,0,1656364932039),(66,'f13b6933-a59c-4790-89f9-313f36960724',12,0,1656364935981),(67,'f13b6933-a59c-4790-89f9-313f36960724',13,0,1656364939854),(68,'f13b6933-a59c-4790-89f9-313f36960724',14,0,1656364939855),(69,'f13b6933-a59c-4790-89f9-313f36960724',15,0,1656364939855),(70,'f13b6933-a59c-4790-89f9-313f36960724',16,0,1656364946014),(71,'f13b6933-a59c-4790-89f9-313f36960724',17,0,1656364946014),(72,'f13b6933-a59c-4790-89f9-313f36960724',18,0,1656364946016),(73,'f13b6933-a59c-4790-89f9-313f36960724',19,0,1656364953981),(74,'f13b6933-a59c-4790-89f9-313f36960724',20,0,1656364953982),(75,'f13b6933-a59c-4790-89f9-313f36960724',21,0,1656364953983),(76,'84b2b7db-4c3c-4c25-ad90-52cdf0d82240',2,0,1656365502568),(77,'84b2b7db-4c3c-4c25-ad90-52cdf0d82240',2,0,1656366814501),(78,'84b2b7db-4c3c-4c25-ad90-52cdf0d82240',3,0,1656366857876),(79,'84b2b7db-4c3c-4c25-ad90-52cdf0d82240',4,0,1656366857877),(80,'84b2b7db-4c3c-4c25-ad90-52cdf0d82240',5,0,1656366857879),(81,'a23b1e17-e0ea-4ad5-8984-8a15cc5dc2f0',2,0,1656683855072),(82,'4293ad02-2a83-4e41-9571-50ed73ecdf8f',2,0,1657635427968),(83,'4293ad02-2a83-4e41-9571-50ed73ecdf8f',3,0,1657635427969),(84,'4293ad02-2a83-4e41-9571-50ed73ecdf8f',4,0,1657635427969),(85,'4293ad02-2a83-4e41-9571-50ed73ecdf8f',5,0,1657635465814),(86,'66184a28-fd1a-4076-bb56-3c3823495bdf',2,0,1657635767250),(87,'66184a28-fd1a-4076-bb56-3c3823495bdf',3,0,1657635776916),(88,'66184a28-fd1a-4076-bb56-3c3823495bdf',4,0,1657635776918),(89,'15598de3-8fe9-4869-b6da-17c099c5dcf8',2,0,1657635843442),(90,'15598de3-8fe9-4869-b6da-17c099c5dcf8',3,0,1657635851851),(91,'15598de3-8fe9-4869-b6da-17c099c5dcf8',4,0,1657635851854),(92,'15598de3-8fe9-4869-b6da-17c099c5dcf8',5,0,1657635851860),(93,'2cc64e18-5ed3-4e0b-94e0-7a8525820fdf',2,0,1663772164094),(94,'2cc64e18-5ed3-4e0b-94e0-7a8525820fdf',3,0,1663772196131),(95,'2cc64e18-5ed3-4e0b-94e0-7a8525820fdf',4,0,1663772196136),(96,'2cc64e18-5ed3-4e0b-94e0-7a8525820fdf',5,0,1663772196141),(97,'2cc64e18-5ed3-4e0b-94e0-7a8525820fdf',6,0,1663772238745),(98,'2cc64e18-5ed3-4e0b-94e0-7a8525820fdf',8,0,1663772238767),(99,'2cc64e18-5ed3-4e0b-94e0-7a8525820fdf',7,0,1663772238761),(100,'2cc64e18-5ed3-4e0b-94e0-7a8525820fdf',9,0,1663772260411),(101,'2cc64e18-5ed3-4e0b-94e0-7a8525820fdf',10,0,1663772260419),(102,'2cc64e18-5ed3-4e0b-94e0-7a8525820fdf',11,0,1663772260426),(103,'2cc64e18-5ed3-4e0b-94e0-7a8525820fdf',12,0,1663772270697),(104,'2cc64e18-5ed3-4e0b-94e0-7a8525820fdf',13,0,1663772270702),(105,'2cc64e18-5ed3-4e0b-94e0-7a8525820fdf',14,0,1663772270706),(106,'2cc64e18-5ed3-4e0b-94e0-7a8525820fdf',15,0,1663772270710),(107,'2cc64e18-5ed3-4e0b-94e0-7a8525820fdf',16,0,1663772270714),(108,'2cc64e18-5ed3-4e0b-94e0-7a8525820fdf',17,0,1663772278888),(109,'2cc64e18-5ed3-4e0b-94e0-7a8525820fdf',18,0,1663772278894),(110,'65243567-40d9-4abc-96af-e33bf787e89a',2,0,1664933386711),(111,'65243567-40d9-4abc-96af-e33bf787e89a',3,0,1664933386711),(112,'65243567-40d9-4abc-96af-e33bf787e89a',4,0,1664933386712),(113,'65243567-40d9-4abc-96af-e33bf787e89a',5,0,1664933390823),(114,'65243567-40d9-4abc-96af-e33bf787e89a',6,0,1664933390824),(115,'65243567-40d9-4abc-96af-e33bf787e89a',7,0,1664933390828),(116,'65243567-40d9-4abc-96af-e33bf787e89a',8,0,1664933394678),(117,'65243567-40d9-4abc-96af-e33bf787e89a',9,0,1664933394679),(118,'65243567-40d9-4abc-96af-e33bf787e89a',10,0,1664933394680),(119,'65243567-40d9-4abc-96af-e33bf787e89a',11,0,1664933403696),(120,'65243567-40d9-4abc-96af-e33bf787e89a',12,0,1664933403698),(121,'65243567-40d9-4abc-96af-e33bf787e89a',13,0,1664933403701),(122,'65243567-40d9-4abc-96af-e33bf787e89a',14,0,1664933408879),(123,'65243567-40d9-4abc-96af-e33bf787e89a',15,0,1664933417975),(124,'65243567-40d9-4abc-96af-e33bf787e89a',16,0,1664933417976),(125,'65243567-40d9-4abc-96af-e33bf787e89a',17,0,1664933417977),(126,'65243567-40d9-4abc-96af-e33bf787e89a',18,0,1664933426590),(127,'65243567-40d9-4abc-96af-e33bf787e89a',19,0,1664933426591),(128,'65243567-40d9-4abc-96af-e33bf787e89a',20,0,1664933426592),(129,'65243567-40d9-4abc-96af-e33bf787e89a',21,0,1664933435566),(130,'65243567-40d9-4abc-96af-e33bf787e89a',21,0,1664933435567),(131,'3e2402e6-3649-471e-83a4-f60a21817e7c',2,0,1665604111063),(132,'3e2402e6-3649-471e-83a4-f60a21817e7c',3,0,1665604111065),(133,'3e2402e6-3649-471e-83a4-f60a21817e7c',4,0,1665604147450),(134,'3e2402e6-3649-471e-83a4-f60a21817e7c',5,0,1665604147452),(135,'3e2402e6-3649-471e-83a4-f60a21817e7c',6,0,1665604147453),(136,'3e2402e6-3649-471e-83a4-f60a21817e7c',7,0,1665604147455),(137,'3e2402e6-3649-471e-83a4-f60a21817e7c',8,0,1665604147456),(138,'3e2402e6-3649-471e-83a4-f60a21817e7c',11,0,1665604168835),(139,'3e2402e6-3649-471e-83a4-f60a21817e7c',12,0,1665604168837),(140,'3e2402e6-3649-471e-83a4-f60a21817e7c',13,0,1665604186955),(141,'3e2402e6-3649-471e-83a4-f60a21817e7c',14,0,1665604186957),(142,'3e2402e6-3649-471e-83a4-f60a21817e7c',15,0,1665604186958),(143,'65243567-40d9-4abc-96af-e33bf787e89a',2,0,1665847348834),(144,'65243567-40d9-4abc-96af-e33bf787e89a',3,0,1665847361678),(145,'65243567-40d9-4abc-96af-e33bf787e89a',4,0,1665847361680),(146,'65243567-40d9-4abc-96af-e33bf787e89a',5,0,1665847412638),(147,'65243567-40d9-4abc-96af-e33bf787e89a',6,0,1665847477798),(148,'65243567-40d9-4abc-96af-e33bf787e89a',7,0,1665847477798),(149,'65243567-40d9-4abc-96af-e33bf787e89a',8,0,1665847486630),(150,'65243567-40d9-4abc-96af-e33bf787e89a',9,0,1665847486631),(151,'65243567-40d9-4abc-96af-e33bf787e89a',10,0,1665847495959),(152,'65243567-40d9-4abc-96af-e33bf787e89a',11,0,1665847495959),(153,'65243567-40d9-4abc-96af-e33bf787e89a',12,0,1665847511528),(154,'65243567-40d9-4abc-96af-e33bf787e89a',13,0,1665847511528),(155,'65243567-40d9-4abc-96af-e33bf787e89a',14,0,1665847521213),(156,'65243567-40d9-4abc-96af-e33bf787e89a',15,0,1665847521214),(157,'65243567-40d9-4abc-96af-e33bf787e89a',16,0,1665847530429),(158,'65243567-40d9-4abc-96af-e33bf787e89a',17,0,1665847539629),(159,'65243567-40d9-4abc-96af-e33bf787e89a',18,0,1665847539630),(160,'65243567-40d9-4abc-96af-e33bf787e89a',19,0,1665847553613),(161,'65243567-40d9-4abc-96af-e33bf787e89a',20,0,1665847553614),(162,'65243567-40d9-4abc-96af-e33bf787e89a',21,0,1665847566093),(163,'65243567-40d9-4abc-96af-e33bf787e89a',21,0,1665847566094),(164,'a23b1e17-e0ea-4ad5-8984-8a15cc5dc2f0',2,0,1666801895179),(165,'a23b1e17-e0ea-4ad5-8984-8a15cc5dc2f0',2,0,1666817129524),(166,'a23b1e17-e0ea-4ad5-8984-8a15cc5dc2f0',2,0,1666819617549),(167,'a23b1e17-e0ea-4ad5-8984-8a15cc5dc2f0',3,0,1666819617551),(168,'a23b1e17-e0ea-4ad5-8984-8a15cc5dc2f0',4,0,1666819623042),(169,'a23b1e17-e0ea-4ad5-8984-8a15cc5dc2f0',5,0,1666819623044),(170,'a23b1e17-e0ea-4ad5-8984-8a15cc5dc2f0',2,0,1666826944575),(171,'a23b1e17-e0ea-4ad5-8984-8a15cc5dc2f0',3,0,1666826944579),(172,'a23b1e17-e0ea-4ad5-8984-8a15cc5dc2f0',4,0,1666826944584),(173,'a23b1e17-e0ea-4ad5-8984-8a15cc5dc2f0',2,0,1666828026557),(174,'a23b1e17-e0ea-4ad5-8984-8a15cc5dc2f0',3,0,1666828038753),(175,'c419a465-7d49-45f8-a3ee-e50c2ce38914',2,0,1666988288445),(176,'65243567-40d9-4abc-96af-e33bf787e89a',2,0,1666988303519),(177,'c419a465-7d49-45f8-a3ee-e50c2ce38914',3,0,1666988301692),(178,'c419a465-7d49-45f8-a3ee-e50c2ce38914',4,0,1666988309432),(179,'c419a465-7d49-45f8-a3ee-e50c2ce38914',6,0,1666989212204),(180,'c419a465-7d49-45f8-a3ee-e50c2ce38914',5,0,1666989212201),(181,'c419a465-7d49-45f8-a3ee-e50c2ce38914',7,0,1666989264547),(182,'c419a465-7d49-45f8-a3ee-e50c2ce38914',8,0,1666989264551),(183,'c419a465-7d49-45f8-a3ee-e50c2ce38914',9,0,1666989271138),(184,'c419a465-7d49-45f8-a3ee-e50c2ce38914',10,0,1666989278048),(185,'c419a465-7d49-45f8-a3ee-e50c2ce38914',11,0,1666989278052),(186,'c419a465-7d49-45f8-a3ee-e50c2ce38914',12,0,1666989287365),(187,'c419a465-7d49-45f8-a3ee-e50c2ce38914',14,0,1666989293017),(188,'c419a465-7d49-45f8-a3ee-e50c2ce38914',13,0,1666989293013),(189,'c419a465-7d49-45f8-a3ee-e50c2ce38914',15,0,1666989298388),(190,'c419a465-7d49-45f8-a3ee-e50c2ce38914',16,0,1666989298392),(191,'c419a465-7d49-45f8-a3ee-e50c2ce38914',17,0,1666989304953),(192,'c419a465-7d49-45f8-a3ee-e50c2ce38914',18,0,1666989304957),(193,'c419a465-7d49-45f8-a3ee-e50c2ce38914',19,0,1666989315037),(194,'c419a465-7d49-45f8-a3ee-e50c2ce38914',20,0,1666989315041),(195,'c419a465-7d49-45f8-a3ee-e50c2ce38914',21,0,1666989333496),(196,'c419a465-7d49-45f8-a3ee-e50c2ce38914',21,0,1666989333500),(197,'a4caaee7-4e16-463f-96d5-e5a96df4865e',2,0,1667245102012),(198,'a4caaee7-4e16-463f-96d5-e5a96df4865e',3,0,1667245111305),(199,'a4caaee7-4e16-463f-96d5-e5a96df4865e',4,0,1667245120072),(200,'a4caaee7-4e16-463f-96d5-e5a96df4865e',5,0,1667245120072),(201,'a4caaee7-4e16-463f-96d5-e5a96df4865e',6,0,1667245143915),(202,'a4caaee7-4e16-463f-96d5-e5a96df4865e',7,0,1667245156827),(203,'a4caaee7-4e16-463f-96d5-e5a96df4865e',8,0,1667245168393),(204,'a4caaee7-4e16-463f-96d5-e5a96df4865e',10,0,1667245179035),(205,'a4caaee7-4e16-463f-96d5-e5a96df4865e',9,0,1667245179034),(206,'a4caaee7-4e16-463f-96d5-e5a96df4865e',11,0,1667245188951),(207,'a4caaee7-4e16-463f-96d5-e5a96df4865e',12,0,1667245188951),(208,'a4caaee7-4e16-463f-96d5-e5a96df4865e',13,0,1667245250829),(209,'a4caaee7-4e16-463f-96d5-e5a96df4865e',14,0,1667245250829),(210,'a4caaee7-4e16-463f-96d5-e5a96df4865e',15,0,1667245262453),(211,'a4caaee7-4e16-463f-96d5-e5a96df4865e',16,0,1667245262453),(212,'a4caaee7-4e16-463f-96d5-e5a96df4865e',17,0,1667245272119),(213,'a4caaee7-4e16-463f-96d5-e5a96df4865e',18,0,1667245285803),(214,'a4caaee7-4e16-463f-96d5-e5a96df4865e',19,0,1667245285803),(215,'a4caaee7-4e16-463f-96d5-e5a96df4865e',21,0,1667245304214),(216,'a4caaee7-4e16-463f-96d5-e5a96df4865e',20,0,1667245304213),(217,'a23b1e17-e0ea-4ad5-8984-8a15cc5dc2f0',2,0,1668721391491),(218,'1cbcdeb9-d219-4e45-9a57-29d439a240d3',3,0,1669480882861),(219,'1cbcdeb9-d219-4e45-9a57-29d439a240d3',2,0,1669480882858),(220,'e595e695-c5ab-402c-8a68-5690616102f3',2,0,1669480883551),(221,'ef88e7ff-3a71-44de-900a-2b77c7b60caa',2,0,1669480893419),(222,'99cfd6d3-4355-420c-8cfe-0bdcf1bf8719',3,0,1669480897401),(223,'99cfd6d3-4355-420c-8cfe-0bdcf1bf8719',2,0,1669480897400),(224,'1cbcdeb9-d219-4e45-9a57-29d439a240d3',4,0,1669480900027),(225,'09c47e44-b8d0-42d3-8994-e2cb454eb9c9',2,0,1669480903742),(226,'7bfa4357-0c0d-441e-9ac5-0568980988e6',2,0,1669480908866),(227,'8f0eef5c-1082-43c3-b983-033ff5e6b995',2,0,1669480911120),(228,'ef88e7ff-3a71-44de-900a-2b77c7b60caa',3,0,1669480911995),(229,'09c47e44-b8d0-42d3-8994-e2cb454eb9c9',3,0,1669480914980),(230,'09c47e44-b8d0-42d3-8994-e2cb454eb9c9',4,0,1669480914982),(231,'2374cd83-42e9-4c52-94db-7d8174c3cdcf',2,0,1669480921392),(232,'8f0eef5c-1082-43c3-b983-033ff5e6b995',3,0,1669480921640),(233,'b227baed-50b0-4860-a99f-fdfa958fee0f',2,0,1669480922255),(234,'263d5b7c-cabd-4a52-8420-9d998cf8ee18',2,0,1669480922525),(235,'263d5b7c-cabd-4a52-8420-9d998cf8ee18',3,0,1669480922526),(236,'263d5b7c-cabd-4a52-8420-9d998cf8ee18',4,0,1669480922527),(237,'9c2c5734-c255-4309-b26b-f61ade14f03a',2,0,1669480923491),(238,'ef88e7ff-3a71-44de-900a-2b77c7b60caa',5,0,1669480924409),(239,'ef88e7ff-3a71-44de-900a-2b77c7b60caa',4,0,1669480924407),(240,'7bfa4357-0c0d-441e-9ac5-0568980988e6',3,0,1669480925031),(241,'4ba81fc3-bf38-43be-b8bc-271d3ce51837',2,0,1669480922998),(242,'d7061eb0-f500-4968-b2e2-99d0a2d1df6d',2,0,1669480926412),(243,'247b3747-d0c0-463f-90ef-a19f83396da7',2,0,1669480926118),(244,'4ba81fc3-bf38-43be-b8bc-271d3ce51837',3,0,1669480928868),(245,'4ba81fc3-bf38-43be-b8bc-271d3ce51837',4,0,1669480928872),(246,'a34f81cd-ac01-42d7-813c-625f43158b99',2,0,1669480929776),(247,'2374cd83-42e9-4c52-94db-7d8174c3cdcf',3,0,1669480931586),(248,'263d5b7c-cabd-4a52-8420-9d998cf8ee18',5,0,1669480931684),(249,'e3817379-e5a1-4e98-afea-7e0c4d32be15',2,0,1669480933381),(250,'9c2c5734-c255-4309-b26b-f61ade14f03a',3,0,1669480933950),(251,'2149c3b4-402c-4157-bfe2-d8ac51f5d6f2',2,0,1669480937175),(252,'4ba81fc3-bf38-43be-b8bc-271d3ce51837',5,0,1669480934249),(253,'7299b892-c0cb-4282-b7f8-2abd53ffaa14',2,0,1669481156659),(254,'8f0eef5c-1082-43c3-b983-033ff5e6b995',4,0,1669480937393),(255,'885247a3-82f4-44d5-8c98-bb4ae9af526f',2,0,1669480938498),(256,'4ba81fc3-bf38-43be-b8bc-271d3ce51837',6,0,1669480938468),(257,'99cfd6d3-4355-420c-8cfe-0bdcf1bf8719',4,0,1669480940528),(258,'2149c3b4-402c-4157-bfe2-d8ac51f5d6f2',3,0,1669480945094),(259,'2374cd83-42e9-4c52-94db-7d8174c3cdcf',4,0,1669480943205),(260,'2374cd83-42e9-4c52-94db-7d8174c3cdcf',5,0,1669480943209),(261,'e3817379-e5a1-4e98-afea-7e0c4d32be15',3,0,1669480943635),(262,'e3817379-e5a1-4e98-afea-7e0c4d32be15',4,0,1669480943636),(263,'a34f81cd-ac01-42d7-813c-625f43158b99',3,0,1669480943393),(264,'7bfa4357-0c0d-441e-9ac5-0568980988e6',4,0,1669480945478),(265,'4ba81fc3-bf38-43be-b8bc-271d3ce51837',7,0,1669480943854),(266,'4ba81fc3-bf38-43be-b8bc-271d3ce51837',8,0,1669480943857),(267,'2149c3b4-402c-4157-bfe2-d8ac51f5d6f2',4,0,1669480950465),(268,'263d5b7c-cabd-4a52-8420-9d998cf8ee18',6,0,1669480949055),(269,'263d5b7c-cabd-4a52-8420-9d998cf8ee18',7,0,1669480949057),(270,'7bfa4357-0c0d-441e-9ac5-0568980988e6',5,0,1669480950793),(271,'885247a3-82f4-44d5-8c98-bb4ae9af526f',3,0,1669480951753),(272,'d7061eb0-f500-4968-b2e2-99d0a2d1df6d',3,0,1669480952012),(273,'09c47e44-b8d0-42d3-8994-e2cb454eb9c9',5,0,1669480952264),(274,'a34f81cd-ac01-42d7-813c-625f43158b99',4,0,1669480952136),(275,'263d5b7c-cabd-4a52-8420-9d998cf8ee18',8,0,1669480955737),(276,'742fcaa3-2049-474f-83e4-84316b94226d',2,0,1669480956838),(277,'8f0eef5c-1082-43c3-b983-033ff5e6b995',5,0,1669480957016),(278,'8f0eef5c-1082-43c3-b983-033ff5e6b995',6,0,1669480957017),(279,'d7061eb0-f500-4968-b2e2-99d0a2d1df6d',4,0,1669480959321),(280,'7bfa4357-0c0d-441e-9ac5-0568980988e6',7,0,1669480959752),(281,'7bfa4357-0c0d-441e-9ac5-0568980988e6',6,0,1669480959750),(282,'daef3055-657d-4453-a867-de23d6556419',2,0,1669480959148),(283,'7299b892-c0cb-4282-b7f8-2abd53ffaa14',3,0,1669481180503),(284,'a34f81cd-ac01-42d7-813c-625f43158b99',5,0,1669480959009),(285,'a34f81cd-ac01-42d7-813c-625f43158b99',6,0,1669480959011),(286,'1156686a-6ff5-46cd-ae3a-1509948d8632',2,0,1669480960720),(287,'09c47e44-b8d0-42d3-8994-e2cb454eb9c9',6,0,1669480961120),(288,'4ba81fc3-bf38-43be-b8bc-271d3ce51837',9,0,1669480961145),(289,'4ba81fc3-bf38-43be-b8bc-271d3ce51837',10,0,1669480961148),(290,'9c2c5734-c255-4309-b26b-f61ade14f03a',4,0,1669480963781),(291,'9c2c5734-c255-4309-b26b-f61ade14f03a',5,0,1669480963787),(292,'2149c3b4-402c-4157-bfe2-d8ac51f5d6f2',5,0,1669480966643),(293,'a34f81cd-ac01-42d7-813c-625f43158b99',7,0,1669480963546),(294,'7bfa4357-0c0d-441e-9ac5-0568980988e6',8,0,1669480965311),(295,'a34f81cd-ac01-42d7-813c-625f43158b99',8,0,1669480966824),(296,'a34f81cd-ac01-42d7-813c-625f43158b99',9,0,1669480966826),(297,'09c47e44-b8d0-42d3-8994-e2cb454eb9c9',7,0,1669480968302),(298,'daef3055-657d-4453-a867-de23d6556419',3,0,1669480969671),(299,'263d5b7c-cabd-4a52-8420-9d998cf8ee18',9,0,1669480971274),(300,'e595e695-c5ab-402c-8a68-5690616102f3',3,0,1669480972959),(301,'e595e695-c5ab-402c-8a68-5690616102f3',4,0,1669480972961),(302,'2149c3b4-402c-4157-bfe2-d8ac51f5d6f2',6,0,1669480976538),(303,'09c47e44-b8d0-42d3-8994-e2cb454eb9c9',8,0,1669480973762),(304,'09c47e44-b8d0-42d3-8994-e2cb454eb9c9',9,0,1669480973764),(305,'a34f81cd-ac01-42d7-813c-625f43158b99',10,0,1669480973578),(306,'a34f81cd-ac01-42d7-813c-625f43158b99',11,0,1669480973580),(307,'2374cd83-42e9-4c52-94db-7d8174c3cdcf',6,0,1669480974822),(308,'2374cd83-42e9-4c52-94db-7d8174c3cdcf',7,0,1669480974825),(309,'1156686a-6ff5-46cd-ae3a-1509948d8632',3,0,1669480975064),(310,'7299b892-c0cb-4282-b7f8-2abd53ffaa14',4,0,1669481195452),(311,'7bfa4357-0c0d-441e-9ac5-0568980988e6',9,0,1669480976467),(312,'885247a3-82f4-44d5-8c98-bb4ae9af526f',4,0,1669480978337),(313,'1cbcdeb9-d219-4e45-9a57-29d439a240d3',5,0,1669480977485),(314,'1cbcdeb9-d219-4e45-9a57-29d439a240d3',6,0,1669480977488),(315,'a34f81cd-ac01-42d7-813c-625f43158b99',12,0,1669480977206),(316,'a34f81cd-ac01-42d7-813c-625f43158b99',13,0,1669480977207),(317,'263d5b7c-cabd-4a52-8420-9d998cf8ee18',10,0,1669480979850),(318,'263d5b7c-cabd-4a52-8420-9d998cf8ee18',11,0,1669480979851),(319,'2149c3b4-402c-4157-bfe2-d8ac51f5d6f2',7,0,1669480982895),(320,'2149c3b4-402c-4157-bfe2-d8ac51f5d6f2',8,0,1669480982896),(321,'7299b892-c0cb-4282-b7f8-2abd53ffaa14',5,0,1669481201812),(322,'7299b892-c0cb-4282-b7f8-2abd53ffaa14',6,0,1669481201815),(323,'2374cd83-42e9-4c52-94db-7d8174c3cdcf',9,0,1669480981854),(324,'2374cd83-42e9-4c52-94db-7d8174c3cdcf',8,0,1669480981849),(325,'09c47e44-b8d0-42d3-8994-e2cb454eb9c9',10,0,1669480982686),(326,'09c47e44-b8d0-42d3-8994-e2cb454eb9c9',11,0,1669480982688),(327,'b227baed-50b0-4860-a99f-fdfa958fee0f',3,0,1669480983664),(328,'ef88e7ff-3a71-44de-900a-2b77c7b60caa',6,0,1669480984026),(329,'ef88e7ff-3a71-44de-900a-2b77c7b60caa',7,0,1669480984028),(330,'742fcaa3-2049-474f-83e4-84316b94226d',3,0,1669480984227),(331,'742fcaa3-2049-474f-83e4-84316b94226d',4,0,1669480984229),(332,'7bfa4357-0c0d-441e-9ac5-0568980988e6',11,0,1669480985202),(333,'7bfa4357-0c0d-441e-9ac5-0568980988e6',10,0,1669480985200),(334,'d7061eb0-f500-4968-b2e2-99d0a2d1df6d',5,0,1669480985839),(335,'d7061eb0-f500-4968-b2e2-99d0a2d1df6d',6,0,1669480985840),(336,'1cbcdeb9-d219-4e45-9a57-29d439a240d3',7,0,1669480985594),(337,'1cbcdeb9-d219-4e45-9a57-29d439a240d3',8,0,1669480985597),(338,'8f0eef5c-1082-43c3-b983-033ff5e6b995',7,0,1669480986434),(339,'8f0eef5c-1082-43c3-b983-033ff5e6b995',8,0,1669480986435),(340,'99cfd6d3-4355-420c-8cfe-0bdcf1bf8719',5,0,1669480986352),(341,'2149c3b4-402c-4157-bfe2-d8ac51f5d6f2',9,0,1669480989736),(342,'2149c3b4-402c-4157-bfe2-d8ac51f5d6f2',10,0,1669480989738),(343,'4ba81fc3-bf38-43be-b8bc-271d3ce51837',11,0,1669480986449),(344,'4ba81fc3-bf38-43be-b8bc-271d3ce51837',12,0,1669480986452),(345,'885247a3-82f4-44d5-8c98-bb4ae9af526f',5,0,1669480989467),(346,'885247a3-82f4-44d5-8c98-bb4ae9af526f',6,0,1669480989472),(347,'263d5b7c-cabd-4a52-8420-9d998cf8ee18',12,0,1669480988660),(348,'2374cd83-42e9-4c52-94db-7d8174c3cdcf',10,0,1669480988763),(349,'a34f81cd-ac01-42d7-813c-625f43158b99',14,0,1669480989348),(350,'a34f81cd-ac01-42d7-813c-625f43158b99',15,0,1669480989350),(351,'8f0eef5c-1082-43c3-b983-033ff5e6b995',9,0,1669480991275),(352,'09c47e44-b8d0-42d3-8994-e2cb454eb9c9',12,0,1669480990249),(353,'09c47e44-b8d0-42d3-8994-e2cb454eb9c9',13,0,1669480990250),(354,'e3817379-e5a1-4e98-afea-7e0c4d32be15',5,0,1669480992636),(355,'e3817379-e5a1-4e98-afea-7e0c4d32be15',6,0,1669480992638),(356,'2374cd83-42e9-4c52-94db-7d8174c3cdcf',11,0,1669480994426),(357,'2374cd83-42e9-4c52-94db-7d8174c3cdcf',12,0,1669480994431),(358,'2374cd83-42e9-4c52-94db-7d8174c3cdcf',13,0,1669480994438),(359,'263d5b7c-cabd-4a52-8420-9d998cf8ee18',13,0,1669480994540),(360,'263d5b7c-cabd-4a52-8420-9d998cf8ee18',14,0,1669480994542),(361,'a34f81cd-ac01-42d7-813c-625f43158b99',16,0,1669480993811),(362,'a34f81cd-ac01-42d7-813c-625f43158b99',17,0,1669480993813),(363,'7299b892-c0cb-4282-b7f8-2abd53ffaa14',7,0,1669481215623),(364,'7299b892-c0cb-4282-b7f8-2abd53ffaa14',8,0,1669481215627),(365,'4ba81fc3-bf38-43be-b8bc-271d3ce51837',14,0,1669480995597),(366,'7bfa4357-0c0d-441e-9ac5-0568980988e6',13,0,1669480997789),(367,'4ba81fc3-bf38-43be-b8bc-271d3ce51837',13,0,1669480995594),(368,'7bfa4357-0c0d-441e-9ac5-0568980988e6',12,0,1669480997787),(369,'4ba81fc3-bf38-43be-b8bc-271d3ce51837',15,0,1669480995600),(370,'e595e695-c5ab-402c-8a68-5690616102f3',5,0,1669480997497),(371,'99cfd6d3-4355-420c-8cfe-0bdcf1bf8719',6,0,1669480998251),(372,'99cfd6d3-4355-420c-8cfe-0bdcf1bf8719',7,0,1669480998253),(373,'09c47e44-b8d0-42d3-8994-e2cb454eb9c9',14,0,1669480998133),(374,'09c47e44-b8d0-42d3-8994-e2cb454eb9c9',15,0,1669480998135),(375,'247b3747-d0c0-463f-90ef-a19f83396da7',3,0,1669480998836),(376,'ef88e7ff-3a71-44de-900a-2b77c7b60caa',8,0,1669480999358),(377,'ef88e7ff-3a71-44de-900a-2b77c7b60caa',9,0,1669480999359),(378,'2149c3b4-402c-4157-bfe2-d8ac51f5d6f2',11,0,1669481002523),(379,'885247a3-82f4-44d5-8c98-bb4ae9af526f',7,0,1669481001049),(380,'a34f81cd-ac01-42d7-813c-625f43158b99',18,0,1669480999415),(381,'a34f81cd-ac01-42d7-813c-625f43158b99',19,0,1669480999417),(382,'2374cd83-42e9-4c52-94db-7d8174c3cdcf',14,0,1669481000926),(383,'4ba81fc3-bf38-43be-b8bc-271d3ce51837',16,0,1669480999739),(384,'263d5b7c-cabd-4a52-8420-9d998cf8ee18',15,0,1669481002573),(385,'1156686a-6ff5-46cd-ae3a-1509948d8632',4,0,1669481006317),(386,'1156686a-6ff5-46cd-ae3a-1509948d8632',5,0,1669481006321),(387,'7bfa4357-0c0d-441e-9ac5-0568980988e6',14,0,1669481006862),(388,'7bfa4357-0c0d-441e-9ac5-0568980988e6',15,0,1669481006864),(389,'c5d7979d-15dd-4bfa-b4c8-249ee8ba639a',2,0,1669481007230),(390,'c5d7979d-15dd-4bfa-b4c8-249ee8ba639a',3,0,1669481007231),(391,'c5d7979d-15dd-4bfa-b4c8-249ee8ba639a',4,0,1669481007232),(392,'2149c3b4-402c-4157-bfe2-d8ac51f5d6f2',12,0,1669481010233),(393,'2149c3b4-402c-4157-bfe2-d8ac51f5d6f2',13,0,1669481010235),(394,'99cfd6d3-4355-420c-8cfe-0bdcf1bf8719',8,0,1669481008687),(395,'99cfd6d3-4355-420c-8cfe-0bdcf1bf8719',9,0,1669481008689),(396,'99cfd6d3-4355-420c-8cfe-0bdcf1bf8719',10,0,1669481008691),(397,'d7061eb0-f500-4968-b2e2-99d0a2d1df6d',7,0,1669481009066),(398,'d7061eb0-f500-4968-b2e2-99d0a2d1df6d',8,0,1669481009067),(399,'9c2c5734-c255-4309-b26b-f61ade14f03a',7,0,1669481009082),(400,'9c2c5734-c255-4309-b26b-f61ade14f03a',6,0,1669481009079),(401,'885247a3-82f4-44d5-8c98-bb4ae9af526f',8,0,1669481011308),(402,'885247a3-82f4-44d5-8c98-bb4ae9af526f',9,0,1669481011311),(403,'2374cd83-42e9-4c52-94db-7d8174c3cdcf',15,0,1669481011962),(404,'2374cd83-42e9-4c52-94db-7d8174c3cdcf',16,0,1669481011967),(405,'e3817379-e5a1-4e98-afea-7e0c4d32be15',7,0,1669481012413),(406,'e3817379-e5a1-4e98-afea-7e0c4d32be15',8,0,1669481012415),(407,'7299b892-c0cb-4282-b7f8-2abd53ffaa14',9,0,1669481233304),(408,'7299b892-c0cb-4282-b7f8-2abd53ffaa14',10,0,1669481233309),(409,'c894fec7-bb65-4e7c-91f8-512e430bd12a',2,0,1669481013154),(410,'daef3055-657d-4453-a867-de23d6556419',4,0,1669481012962),(411,'daef3055-657d-4453-a867-de23d6556419',5,0,1669481012964),(412,'1cbcdeb9-d219-4e45-9a57-29d439a240d3',9,0,1669481013798),(413,'1cbcdeb9-d219-4e45-9a57-29d439a240d3',10,0,1669481013800),(414,'9c2c5734-c255-4309-b26b-f61ade14f03a',8,0,1669481015250),(415,'99cfd6d3-4355-420c-8cfe-0bdcf1bf8719',11,0,1669481015251),(416,'99cfd6d3-4355-420c-8cfe-0bdcf1bf8719',12,0,1669481015253),(417,'4ba81fc3-bf38-43be-b8bc-271d3ce51837',17,0,1669481015022),(418,'4ba81fc3-bf38-43be-b8bc-271d3ce51837',18,0,1669481015026),(419,'2374cd83-42e9-4c52-94db-7d8174c3cdcf',17,0,1669481017267),(420,'2374cd83-42e9-4c52-94db-7d8174c3cdcf',18,0,1669481017271),(421,'885247a3-82f4-44d5-8c98-bb4ae9af526f',10,0,1669481018371),(422,'885247a3-82f4-44d5-8c98-bb4ae9af526f',11,0,1669481018374),(423,'247b3747-d0c0-463f-90ef-a19f83396da7',4,0,1669481018621),(424,'247b3747-d0c0-463f-90ef-a19f83396da7',5,0,1669481018623),(425,'7bfa4357-0c0d-441e-9ac5-0568980988e6',16,0,1669481019381),(426,'7bfa4357-0c0d-441e-9ac5-0568980988e6',17,0,1669481019382),(427,'8f0eef5c-1082-43c3-b983-033ff5e6b995',10,0,1669481020288),(428,'8f0eef5c-1082-43c3-b983-033ff5e6b995',11,0,1669481020290),(429,'2149c3b4-402c-4157-bfe2-d8ac51f5d6f2',14,0,1669481024322),(430,'2149c3b4-402c-4157-bfe2-d8ac51f5d6f2',15,0,1669481024323),(431,'a34f81cd-ac01-42d7-813c-625f43158b99',20,0,1669481021092),(432,'a34f81cd-ac01-42d7-813c-625f43158b99',21,0,1669481021094),(433,'7299b892-c0cb-4282-b7f8-2abd53ffaa14',11,0,1669481244813),(434,'7299b892-c0cb-4282-b7f8-2abd53ffaa14',12,0,1669481244817),(435,'09c47e44-b8d0-42d3-8994-e2cb454eb9c9',16,0,1669481024227),(436,'09c47e44-b8d0-42d3-8994-e2cb454eb9c9',17,0,1669481024229),(437,'742fcaa3-2049-474f-83e4-84316b94226d',5,0,1669481025517),(438,'742fcaa3-2049-474f-83e4-84316b94226d',6,0,1669481025520),(439,'4ba81fc3-bf38-43be-b8bc-271d3ce51837',19,0,1669481024958),(440,'4ba81fc3-bf38-43be-b8bc-271d3ce51837',20,0,1669481024962),(441,'885247a3-82f4-44d5-8c98-bb4ae9af526f',12,0,1669481028587),(442,'885247a3-82f4-44d5-8c98-bb4ae9af526f',13,0,1669481028590),(443,'ef88e7ff-3a71-44de-900a-2b77c7b60caa',10,0,1669481028704),(444,'ef88e7ff-3a71-44de-900a-2b77c7b60caa',11,0,1669481028706),(445,'1156686a-6ff5-46cd-ae3a-1509948d8632',6,0,1669481030584),(446,'1156686a-6ff5-46cd-ae3a-1509948d8632',7,0,1669481030585),(447,'7299b892-c0cb-4282-b7f8-2abd53ffaa14',13,0,1669481250959),(448,'2149c3b4-402c-4157-bfe2-d8ac51f5d6f2',16,0,1669481034777),(449,'2149c3b4-402c-4157-bfe2-d8ac51f5d6f2',17,0,1669481034779),(450,'09c47e44-b8d0-42d3-8994-e2cb454eb9c9',18,0,1669481032311),(451,'09c47e44-b8d0-42d3-8994-e2cb454eb9c9',19,0,1669481032313),(452,'7bfa4357-0c0d-441e-9ac5-0568980988e6',18,0,1669481033081),(453,'7bfa4357-0c0d-441e-9ac5-0568980988e6',19,0,1669481033083),(454,'e595e695-c5ab-402c-8a68-5690616102f3',6,0,1669481033581),(455,'263d5b7c-cabd-4a52-8420-9d998cf8ee18',16,0,1669481033853),(456,'263d5b7c-cabd-4a52-8420-9d998cf8ee18',17,0,1669481033855),(457,'885247a3-82f4-44d5-8c98-bb4ae9af526f',14,0,1669481034968),(458,'885247a3-82f4-44d5-8c98-bb4ae9af526f',15,0,1669481034971),(459,'4ba81fc3-bf38-43be-b8bc-271d3ce51837',21,0,1669481032412),(460,'4ba81fc3-bf38-43be-b8bc-271d3ce51837',21,0,1669481032415),(461,'9c2c5734-c255-4309-b26b-f61ade14f03a',9,0,1669481035216),(462,'e3817379-e5a1-4e98-afea-7e0c4d32be15',9,0,1669481035366),(463,'e3817379-e5a1-4e98-afea-7e0c4d32be15',10,0,1669481035367),(464,'e3817379-e5a1-4e98-afea-7e0c4d32be15',11,0,1669481035369),(465,'c5d7979d-15dd-4bfa-b4c8-249ee8ba639a',5,0,1669481034800),(466,'1cbcdeb9-d219-4e45-9a57-29d439a240d3',11,0,1669481036165),(467,'99cfd6d3-4355-420c-8cfe-0bdcf1bf8719',13,0,1669481036756),(468,'ef88e7ff-3a71-44de-900a-2b77c7b60caa',12,0,1669481037705),(469,'742fcaa3-2049-474f-83e4-84316b94226d',7,0,1669481040425),(470,'742fcaa3-2049-474f-83e4-84316b94226d',8,0,1669481040428),(471,'99cfd6d3-4355-420c-8cfe-0bdcf1bf8719',14,0,1669481042222),(472,'99cfd6d3-4355-420c-8cfe-0bdcf1bf8719',15,0,1669481042224),(473,'7bfa4357-0c0d-441e-9ac5-0568980988e6',20,0,1669481043386),(474,'7bfa4357-0c0d-441e-9ac5-0568980988e6',21,0,1669481043388),(475,'885247a3-82f4-44d5-8c98-bb4ae9af526f',16,0,1669481044955),(476,'885247a3-82f4-44d5-8c98-bb4ae9af526f',17,0,1669481044958),(477,'2374cd83-42e9-4c52-94db-7d8174c3cdcf',19,0,1669481044130),(478,'09c47e44-b8d0-42d3-8994-e2cb454eb9c9',20,0,1669481045181),(479,'e595e695-c5ab-402c-8a68-5690616102f3',7,0,1669481045901),(480,'e595e695-c5ab-402c-8a68-5690616102f3',8,0,1669481045903),(481,'ef88e7ff-3a71-44de-900a-2b77c7b60caa',13,0,1669481047905),(482,'885247a3-82f4-44d5-8c98-bb4ae9af526f',18,0,1669481051678),(483,'885247a3-82f4-44d5-8c98-bb4ae9af526f',19,0,1669481051681),(484,'742fcaa3-2049-474f-83e4-84316b94226d',9,0,1669481052566),(485,'742fcaa3-2049-474f-83e4-84316b94226d',10,0,1669481052570),(486,'b227baed-50b0-4860-a99f-fdfa958fee0f',4,0,1669481054084),(487,'b227baed-50b0-4860-a99f-fdfa958fee0f',5,0,1669481054087),(488,'2149c3b4-402c-4157-bfe2-d8ac51f5d6f2',18,0,1669481056819),(489,'09c47e44-b8d0-42d3-8994-e2cb454eb9c9',21,0,1669481054130),(490,'09c47e44-b8d0-42d3-8994-e2cb454eb9c9',21,0,1669481054132),(491,'8f0eef5c-1082-43c3-b983-033ff5e6b995',12,0,1669481055996),(492,'8f0eef5c-1082-43c3-b983-033ff5e6b995',13,0,1669481055998),(493,'1cbcdeb9-d219-4e45-9a57-29d439a240d3',12,0,1669481055725),(494,'1cbcdeb9-d219-4e45-9a57-29d439a240d3',13,0,1669481055730),(495,'7299b892-c0cb-4282-b7f8-2abd53ffaa14',14,0,1669481277611),(496,'7299b892-c0cb-4282-b7f8-2abd53ffaa14',15,0,1669481277615),(497,'9c2c5734-c255-4309-b26b-f61ade14f03a',11,0,1669481057480),(498,'9c2c5734-c255-4309-b26b-f61ade14f03a',10,0,1669481057475),(499,'263d5b7c-cabd-4a52-8420-9d998cf8ee18',18,0,1669481058762),(500,'c5d7979d-15dd-4bfa-b4c8-249ee8ba639a',6,0,1669481059819),(501,'c5d7979d-15dd-4bfa-b4c8-249ee8ba639a',7,0,1669481059821),(502,'e595e695-c5ab-402c-8a68-5690616102f3',9,0,1669481061251),(503,'e595e695-c5ab-402c-8a68-5690616102f3',10,0,1669481061253),(504,'2149c3b4-402c-4157-bfe2-d8ac51f5d6f2',19,0,1669481065053),(505,'2149c3b4-402c-4157-bfe2-d8ac51f5d6f2',20,0,1669481065054),(506,'d7061eb0-f500-4968-b2e2-99d0a2d1df6d',9,0,1669481067601),(507,'d7061eb0-f500-4968-b2e2-99d0a2d1df6d',10,0,1669481067602),(508,'8f0eef5c-1082-43c3-b983-033ff5e6b995',15,0,1669481068436),(509,'8f0eef5c-1082-43c3-b983-033ff5e6b995',14,0,1669481068434),(510,'8f0eef5c-1082-43c3-b983-033ff5e6b995',16,0,1669481068437),(511,'c5d7979d-15dd-4bfa-b4c8-249ee8ba639a',8,0,1669481068645),(512,'263d5b7c-cabd-4a52-8420-9d998cf8ee18',19,0,1669481069671),(513,'263d5b7c-cabd-4a52-8420-9d998cf8ee18',20,0,1669481069673),(514,'885247a3-82f4-44d5-8c98-bb4ae9af526f',20,0,1669481070513),(515,'885247a3-82f4-44d5-8c98-bb4ae9af526f',21,0,1669481070516),(516,'7299b892-c0cb-4282-b7f8-2abd53ffaa14',16,0,1669481290489),(517,'7299b892-c0cb-4282-b7f8-2abd53ffaa14',17,0,1669481290492),(518,'1cbcdeb9-d219-4e45-9a57-29d439a240d3',15,0,1669481070106),(519,'1cbcdeb9-d219-4e45-9a57-29d439a240d3',14,0,1669481070103),(520,'9c2c5734-c255-4309-b26b-f61ade14f03a',13,0,1669481070927),(521,'9c2c5734-c255-4309-b26b-f61ade14f03a',12,0,1669481070921),(522,'2149c3b4-402c-4157-bfe2-d8ac51f5d6f2',21,0,1669481076076),(523,'2149c3b4-402c-4157-bfe2-d8ac51f5d6f2',21,0,1669481076077),(524,'ef88e7ff-3a71-44de-900a-2b77c7b60caa',14,0,1669481076891),(525,'ef88e7ff-3a71-44de-900a-2b77c7b60caa',15,0,1669481076893),(526,'b227baed-50b0-4860-a99f-fdfa958fee0f',6,0,1669481077783),(527,'7299b892-c0cb-4282-b7f8-2abd53ffaa14',19,0,1669481299518),(528,'7299b892-c0cb-4282-b7f8-2abd53ffaa14',18,0,1669481299514),(529,'d7061eb0-f500-4968-b2e2-99d0a2d1df6d',11,0,1669481080554),(530,'d7061eb0-f500-4968-b2e2-99d0a2d1df6d',12,0,1669481080555),(531,'c5d7979d-15dd-4bfa-b4c8-249ee8ba639a',9,0,1669481080436),(532,'c5d7979d-15dd-4bfa-b4c8-249ee8ba639a',10,0,1669481080438),(533,'e595e695-c5ab-402c-8a68-5690616102f3',11,0,1669481081835),(534,'e595e695-c5ab-402c-8a68-5690616102f3',12,0,1669481081836),(535,'daef3055-657d-4453-a867-de23d6556419',7,0,1669481081269),(536,'daef3055-657d-4453-a867-de23d6556419',6,0,1669481081266),(537,'7299b892-c0cb-4282-b7f8-2abd53ffaa14',20,0,1669481304957),(538,'7299b892-c0cb-4282-b7f8-2abd53ffaa14',21,0,1669481304961),(539,'d7061eb0-f500-4968-b2e2-99d0a2d1df6d',13,0,1669481091804),(540,'d7061eb0-f500-4968-b2e2-99d0a2d1df6d',14,0,1669481091805),(541,'d7061eb0-f500-4968-b2e2-99d0a2d1df6d',15,0,1669481091806),(542,'2374cd83-42e9-4c52-94db-7d8174c3cdcf',20,0,1669481092392),(543,'2374cd83-42e9-4c52-94db-7d8174c3cdcf',21,0,1669481092395),(544,'e595e695-c5ab-402c-8a68-5690616102f3',13,0,1669481093101),(545,'e595e695-c5ab-402c-8a68-5690616102f3',14,0,1669481093103),(546,'263d5b7c-cabd-4a52-8420-9d998cf8ee18',21,0,1669481093641),(547,'263d5b7c-cabd-4a52-8420-9d998cf8ee18',21,0,1669481093642),(548,'742fcaa3-2049-474f-83e4-84316b94226d',11,0,1669481093795),(549,'daef3055-657d-4453-a867-de23d6556419',8,0,1669481094275),(550,'daef3055-657d-4453-a867-de23d6556419',9,0,1669481094277),(551,'99cfd6d3-4355-420c-8cfe-0bdcf1bf8719',16,0,1669481097502),(552,'99cfd6d3-4355-420c-8cfe-0bdcf1bf8719',17,0,1669481097504),(553,'ef88e7ff-3a71-44de-900a-2b77c7b60caa',16,0,1669481100092),(554,'ef88e7ff-3a71-44de-900a-2b77c7b60caa',17,0,1669481100094),(555,'ef88e7ff-3a71-44de-900a-2b77c7b60caa',18,0,1669481100095),(556,'1cbcdeb9-d219-4e45-9a57-29d439a240d3',16,0,1669481101040),(557,'1cbcdeb9-d219-4e45-9a57-29d439a240d3',18,0,1669481101051),(558,'1cbcdeb9-d219-4e45-9a57-29d439a240d3',17,0,1669481101046),(559,'9c2c5734-c255-4309-b26b-f61ade14f03a',15,0,1669481101671),(560,'9c2c5734-c255-4309-b26b-f61ade14f03a',14,0,1669481101665),(561,'c5d7979d-15dd-4bfa-b4c8-249ee8ba639a',12,0,1669481104027),(562,'c5d7979d-15dd-4bfa-b4c8-249ee8ba639a',11,0,1669481104025),(563,'8f0eef5c-1082-43c3-b983-033ff5e6b995',17,0,1669481105348),(564,'99cfd6d3-4355-420c-8cfe-0bdcf1bf8719',18,0,1669481105113),(565,'99cfd6d3-4355-420c-8cfe-0bdcf1bf8719',19,0,1669481105115),(566,'ef88e7ff-3a71-44de-900a-2b77c7b60caa',19,0,1669481105462),(567,'ef88e7ff-3a71-44de-900a-2b77c7b60caa',20,0,1669481105464),(568,'247b3747-d0c0-463f-90ef-a19f83396da7',6,0,1669481109690),(569,'9c2c5734-c255-4309-b26b-f61ade14f03a',16,0,1669481111247),(570,'ef88e7ff-3a71-44de-900a-2b77c7b60caa',21,0,1669481111763),(571,'ef88e7ff-3a71-44de-900a-2b77c7b60caa',21,0,1669481111765),(572,'b227baed-50b0-4860-a99f-fdfa958fee0f',7,0,1669481116946),(573,'b227baed-50b0-4860-a99f-fdfa958fee0f',8,0,1669481116948),(574,'8f0eef5c-1082-43c3-b983-033ff5e6b995',18,0,1669481118767),(575,'8f0eef5c-1082-43c3-b983-033ff5e6b995',19,0,1669481118769),(576,'e3817379-e5a1-4e98-afea-7e0c4d32be15',12,0,1669481120415),(577,'d7061eb0-f500-4968-b2e2-99d0a2d1df6d',17,0,1669481122003),(578,'d7061eb0-f500-4968-b2e2-99d0a2d1df6d',16,0,1669481122002),(579,'d7061eb0-f500-4968-b2e2-99d0a2d1df6d',19,0,1669481129949),(580,'d7061eb0-f500-4968-b2e2-99d0a2d1df6d',18,0,1669481129948),(581,'99cfd6d3-4355-420c-8cfe-0bdcf1bf8719',20,0,1669481141814),(582,'99cfd6d3-4355-420c-8cfe-0bdcf1bf8719',21,0,1669481141816),(583,'e3817379-e5a1-4e98-afea-7e0c4d32be15',13,0,1669481148085),(584,'e3817379-e5a1-4e98-afea-7e0c4d32be15',14,0,1669481148087),(585,'c5d7979d-15dd-4bfa-b4c8-249ee8ba639a',13,0,1669481163530),(586,'e595e695-c5ab-402c-8a68-5690616102f3',15,0,1669481170874),(587,'d7061eb0-f500-4968-b2e2-99d0a2d1df6d',20,0,1669481172245),(588,'e3817379-e5a1-4e98-afea-7e0c4d32be15',16,0,1669481173276),(589,'e3817379-e5a1-4e98-afea-7e0c4d32be15',15,0,1669481173274),(590,'1cbcdeb9-d219-4e45-9a57-29d439a240d3',19,0,1669481178198),(591,'1cbcdeb9-d219-4e45-9a57-29d439a240d3',20,0,1669481178201),(592,'1cbcdeb9-d219-4e45-9a57-29d439a240d3',21,0,1669481182482),(593,'d7061eb0-f500-4968-b2e2-99d0a2d1df6d',21,0,1669481183501),(594,'d7061eb0-f500-4968-b2e2-99d0a2d1df6d',21,0,1669481183501),(595,'e3817379-e5a1-4e98-afea-7e0c4d32be15',17,0,1669481190058),(596,'c5d7979d-15dd-4bfa-b4c8-249ee8ba639a',14,0,1669481198302),(597,'e3817379-e5a1-4e98-afea-7e0c4d32be15',18,0,1669481203122),(598,'e3817379-e5a1-4e98-afea-7e0c4d32be15',19,0,1669481203125),(599,'e3817379-e5a1-4e98-afea-7e0c4d32be15',20,0,1669481203126),(600,'e595e695-c5ab-402c-8a68-5690616102f3',16,0,1669481203813),(601,'b227baed-50b0-4860-a99f-fdfa958fee0f',9,0,1669481213164),(602,'b227baed-50b0-4860-a99f-fdfa958fee0f',10,0,1669481213166),(603,'e3817379-e5a1-4e98-afea-7e0c4d32be15',21,0,1669481217291),(604,'9c2c5734-c255-4309-b26b-f61ade14f03a',17,0,1669481226824),(605,'9c2c5734-c255-4309-b26b-f61ade14f03a',18,0,1669481226832),(606,'9c2c5734-c255-4309-b26b-f61ade14f03a',19,0,1669481226838),(607,'e595e695-c5ab-402c-8a68-5690616102f3',17,0,1669481252160),(608,'e595e695-c5ab-402c-8a68-5690616102f3',18,0,1669481252164),(609,'e595e695-c5ab-402c-8a68-5690616102f3',19,0,1669481252166),(610,'c5d7979d-15dd-4bfa-b4c8-249ee8ba639a',16,0,1669481252988),(611,'c5d7979d-15dd-4bfa-b4c8-249ee8ba639a',15,0,1669481252986),(612,'9c2c5734-c255-4309-b26b-f61ade14f03a',20,0,1669481253142),(613,'9c2c5734-c255-4309-b26b-f61ade14f03a',21,0,1669481260193),(614,'c5d7979d-15dd-4bfa-b4c8-249ee8ba639a',17,0,1669481260689),(615,'c5d7979d-15dd-4bfa-b4c8-249ee8ba639a',18,0,1669481260691),(616,'e595e695-c5ab-402c-8a68-5690616102f3',20,0,1669481268917),(617,'e595e695-c5ab-402c-8a68-5690616102f3',21,0,1669481268921),(618,'c5d7979d-15dd-4bfa-b4c8-249ee8ba639a',19,0,1669481430947),(619,'c5d7979d-15dd-4bfa-b4c8-249ee8ba639a',20,0,1669481430948),(620,'c5d7979d-15dd-4bfa-b4c8-249ee8ba639a',21,0,1669481460725),(621,'c5d7979d-15dd-4bfa-b4c8-249ee8ba639a',21,0,1669481460726),(622,'c5d7979d-15dd-4bfa-b4c8-249ee8ba639a',21,0,1669481460723),(623,'b806f98c-c12a-49e6-bebf-87a9bced14a8',2,0,1669489504909),(624,'b806f98c-c12a-49e6-bebf-87a9bced14a8',3,0,1669489510714),(625,'b806f98c-c12a-49e6-bebf-87a9bced14a8',4,0,1669489534685),(626,'b806f98c-c12a-49e6-bebf-87a9bced14a8',5,0,1669489546768),(627,'b806f98c-c12a-49e6-bebf-87a9bced14a8',6,0,1669489554143),(628,'a23b1e17-e0ea-4ad5-8984-8a15cc5dc2f0',2,0,1669493899047),(629,'a23b1e17-e0ea-4ad5-8984-8a15cc5dc2f0',3,0,1669493899049),(630,'a23b1e17-e0ea-4ad5-8984-8a15cc5dc2f0',4,0,1669493899054),(631,'a23b1e17-e0ea-4ad5-8984-8a15cc5dc2f0',6,0,1669493909561),(632,'a23b1e17-e0ea-4ad5-8984-8a15cc5dc2f0',5,0,1669493909556),(633,'a23b1e17-e0ea-4ad5-8984-8a15cc5dc2f0',7,0,1669493909564),(634,'a23b1e17-e0ea-4ad5-8984-8a15cc5dc2f0',8,0,1669493931045),(635,'a23b1e17-e0ea-4ad5-8984-8a15cc5dc2f0',9,0,1669493931049),(636,'a23b1e17-e0ea-4ad5-8984-8a15cc5dc2f0',10,0,1669493931052),(637,'a23b1e17-e0ea-4ad5-8984-8a15cc5dc2f0',11,0,1669493955083),(638,'a23b1e17-e0ea-4ad5-8984-8a15cc5dc2f0',12,0,1669493955087),(639,'a23b1e17-e0ea-4ad5-8984-8a15cc5dc2f0',13,0,1669493955090),(640,'a23b1e17-e0ea-4ad5-8984-8a15cc5dc2f0',14,0,1669494015196),(641,'cd1de1e9-85d0-4833-8270-f8e959027c4a',2,0,1671826113979),(642,'cd1de1e9-85d0-4833-8270-f8e959027c4a',3,0,1671826145040),(643,'cd1de1e9-85d0-4833-8270-f8e959027c4a',4,0,1671826157735),(644,'fb950b40-5e91-468e-889b-553b08b4220f',2,0,1673715716538),(645,'fb950b40-5e91-468e-889b-553b08b4220f',3,0,1673715726630),(646,'cd1de1e9-85d0-4833-8270-f8e959027c4a',2,0,1673990577541),(647,'cd1de1e9-85d0-4833-8270-f8e959027c4a',3,0,1673990615243),(648,'cd1de1e9-85d0-4833-8270-f8e959027c4a',4,0,1673990654195),(649,'cd1de1e9-85d0-4833-8270-f8e959027c4a',5,0,1673990654196),(650,'c3d37e06-2d28-476f-8ace-554bec6b69d8',2,0,1675192736710),(651,'c3d37e06-2d28-476f-8ace-554bec6b69d8',3,0,1675192753810),(652,'7522b8b0-6b3e-4c3b-bd91-c145cb6d8c58',2,0,1675260660899),(653,'7522b8b0-6b3e-4c3b-bd91-c145cb6d8c58',3,0,1675260667028),(654,'7522b8b0-6b3e-4c3b-bd91-c145cb6d8c58',4,0,1675260699931),(655,'7522b8b0-6b3e-4c3b-bd91-c145cb6d8c58',5,0,1675260705364),(656,'7522b8b0-6b3e-4c3b-bd91-c145cb6d8c58',6,0,1675260713394),(657,'7522b8b0-6b3e-4c3b-bd91-c145cb6d8c58',7,0,1675260718452),(658,'7522b8b0-6b3e-4c3b-bd91-c145cb6d8c58',8,0,1675260718453),(659,'7522b8b0-6b3e-4c3b-bd91-c145cb6d8c58',9,0,1675260724045),(660,'7522b8b0-6b3e-4c3b-bd91-c145cb6d8c58',10,0,1675260724046),(661,'7522b8b0-6b3e-4c3b-bd91-c145cb6d8c58',11,0,1675260729882),(662,'7522b8b0-6b3e-4c3b-bd91-c145cb6d8c58',12,0,1675260729884),(663,'7522b8b0-6b3e-4c3b-bd91-c145cb6d8c58',13,0,1675260733596),(664,'7522b8b0-6b3e-4c3b-bd91-c145cb6d8c58',14,0,1675260733597),(665,'7522b8b0-6b3e-4c3b-bd91-c145cb6d8c58',15,0,1675260741964),(666,'7522b8b0-6b3e-4c3b-bd91-c145cb6d8c58',16,0,1675260741965),(667,'7522b8b0-6b3e-4c3b-bd91-c145cb6d8c58',17,0,1675260751419),(668,'7522b8b0-6b3e-4c3b-bd91-c145cb6d8c58',18,0,1675260751421),(669,'7522b8b0-6b3e-4c3b-bd91-c145cb6d8c58',19,0,1675260758771),(670,'7522b8b0-6b3e-4c3b-bd91-c145cb6d8c58',20,0,1675260758772),(671,'7522b8b0-6b3e-4c3b-bd91-c145cb6d8c58',21,0,1675260765517),(672,'7522b8b0-6b3e-4c3b-bd91-c145cb6d8c58',21,0,1675260765515),(673,'6870c57f-a7a6-45e1-940a-aefc2fb501e7',2,0,1681934790473),(674,'6870c57f-a7a6-45e1-940a-aefc2fb501e7',3,0,1681934957159);
/*!40000 ALTER TABLE `user_sticker` ENABLE KEYS */;
UNLOCK TABLES;